gur_id,name,short_name,inn,ogrn,source_url,parent_gur_ids,hh_match_status,hh_ids,hh_profile_urls,source_lifecycle_note
16,"ГОСУДАРСТВЕННАЯ КОРПОРАЦИЯ ПО СОДЕЙСТВИЮ РАЗРАБОТКЕ, ПРОИЗВОДСТВУ И ЭКСПОРТУ ВЫСОКОТЕХНОЛОГИЧНОЙ ПРОМЫШЛЕННОЙ ПРОДУКЦИИ ""РОСТЕХ""","ГОСУДАРСТВЕННАЯ КОРПОРАЦИЯ ""РОСТЕХ""",7704274402,1077799030847,https://war-sanctions.gur.gov.ua/ru/rostec/16,,unresolved,,,
4670,"АКЦИОНЕРНОЕ ОБЩЕСТВО ""КОНЦЕРН РАДИОЭЛЕКТРОННЫЕ ТЕХНОЛОГИИ""","АО ""КРЭТ""",7703695246,1097746084666,https://war-sanctions.gur.gov.ua/ru/rostec/4670,16,unresolved,,,
16335,"АКЦИОНЕРНОЕ ОБЩЕСТВО ""АВИАПРИБОР""","АО ""АВИАПРИБОР""",7714024151,1027739489040,https://war-sanctions.gur.gov.ua/ru/rostec/16335,4670,unresolved,,,
3371,"АКЦИОНЕРНОЕ ОБЩЕСТВО ""УРАЛЬСКИЙ ПРИБОРОСТРОИТЕЛЬНЫЙ ЗАВОД""","АО ""УПЗ""",6660000400,1026604954023,https://war-sanctions.gur.gov.ua/ru/rostec/3371,4670,matched_name_and_website,48591,https://hh.ru/employer/48591,
3495,"АКЦИОНЕРНОЕ ОБЩЕСТВО ""ТАГАНРОГСКИЙ НАУЧНО-ИССЛЕДОВАТЕЛЬСКИЙ ИНСТИТУТ СВЯЗИ""","АО ""ТНИИС""",6154573235,1116154006210,https://war-sanctions.gur.gov.ua/ru/rostec/3495,4670,unresolved,,,
3497,"АКЦИОНЕРНОЕ ОБЩЕСТВО ""РАМЕНСКИЙ ПРИБОРОСТРОИТЕЛЬНЫЙ ЗАВОД""","АО ""РПЗ""",5040001426,1025005116839,https://war-sanctions.gur.gov.ua/ru/rostec/3497,4670,unresolved,,,
3523,"АКЦИОНЕРНОЕ ОБЩЕСТВО ""НАУЧНО-ПРОИЗВОДСТВЕННАЯ КОМПАНИЯ ""РИТМ""","АО ""КОМПАНИЯ ""РИТМ""",2311016712,1022301811432,https://war-sanctions.gur.gov.ua/ru/rostec/3523,4670,unresolved,,,
3499,"АКЦИОНЕРНОЕ ОБЩЕСТВО ""РАДИЙ""","АО ""РАДИЙ""",7409002190,1027400728816,https://war-sanctions.gur.gov.ua/ru/rostec/3499,4670,unresolved,,,
696,"АКЦИОНЕРНОЕ ОБЩЕСТВО ""НАЦИОНАЛЬНЫЕ ТУРИСТИЧЕСКИЕ ТЕХНОЛОГИИ""","АО ""НТТ""",9705112077,5177746199351,https://war-sanctions.gur.gov.ua/ru/rostec/696,4670,unresolved,,,
3527,"АКЦИОНЕРНОЕ ОБЩЕСТВО ""ОПЫТНО-КОНСТРУКТОРСКОЕ БЮРО ""ЭЛЕКТРОАВТОМАТИКА"" ИМЕНИ П.А.ЕФИМОВА""","АО ""ОКБ ""ЭЛЕКТРОАВТОМАТИКА""",7805326230,1157847328759,https://war-sanctions.gur.gov.ua/ru/rostec/3527,4670,unresolved,,,
3522,"АКЦИОНЕРНОЕ ОБЩЕСТВО ""НАУЧНО-ИССЛЕДОВАТЕЛЬСКИЙ ИНСТИТУТ АВИАЦИОННОГО ОБОРУДОВАНИЯ""","АО ""НИИАО""",5040106669,1115040005277,https://war-sanctions.gur.gov.ua/ru/rostec/3522,4670,unresolved,,,
782,"АКЦИОНЕРНОЕ ОБЩЕСТВО ""НАУЧНО-ИССЛЕДОВАТЕЛЬСКИЙ ИНСТИТУТ ПРИБОРОСТРОЕНИЯ ИМЕНИ В.В. ТИХОМИРОВА""","АО ""НИИП ИМЕНИ В.В. ТИХОМИРОВА""",5013045054,1025001627859,https://war-sanctions.gur.gov.ua/ru/rostec/782,4670,matched_name_and_website,8942210,https://hh.ru/employer/8942210,
3515,"АКЦИОНЕРНОЕ ОБЩЕСТВО ""КОНСТРУКТОРСКОЕ БЮРО ПРОМЫШЛЕННОЙ АВТОМАТИКИ""","АО ""КБПА""",6452099998,1026402654882,https://war-sanctions.gur.gov.ua/ru/rostec/3515,4670,unresolved,,,
3491,"ПУБЛИЧНОЕ АКЦИОНЕРНОЕ ОБЩЕСТВО ""БРЯНСКОЕ СПЕЦИАЛЬНОЕ КОНСТРУКТОРСКОЕ БЮРО""","ПАО ""БСКБ""",3232001722,1023201060410,https://war-sanctions.gur.gov.ua/ru/rostec/3491,4670,unresolved,,,
3492,"ОТКРЫТОЕ АКЦИОНЕРНОЕ ОБЩЕСТВО ""АВАНГАРД""","ОАО ""АВАНГАРД""",7804001110,1027802483070,https://war-sanctions.gur.gov.ua/ru/rostec/3492,4670,unresolved,,,
3498,"АКЦИОНЕРНОЕ ОБЩЕСТВО ""РАДИОПРИБОРСНАБ""","АО ""РАДИОПРИБОРСНАБ""",7731631438,1097746424181,https://war-sanctions.gur.gov.ua/ru/rostec/3498,4670,unresolved,,,
3494,"АКЦИОНЕРНОЕ ОБЩЕСТВО ""УФИМСКОЕ ПРИБОРОСТРОИТЕЛЬНОЕ ПРОИЗВОДСТВЕННОЕ ОБЪЕДИНЕНИЕ""","АО ""УППО""",276140862,1120280026130,https://war-sanctions.gur.gov.ua/ru/rostec/3494,4670,matched_name_and_website,1216580,https://hh.ru/employer/1216580,
3496,"АКЦИОНЕРНОЕ ОБЩЕСТВО ""РЫЧАГ""","АО ""РЫЧАГ""",1660170995,1121690045443,https://war-sanctions.gur.gov.ua/ru/rostec/3496,4670,unresolved,,,
3513,"АКЦИОНЕРНОЕ ОБЩЕСТВО ""КАЛУЖСКИЙ НАУЧНО-ИССЛЕДОВАТЕЛЬСКИЙ РАДИОТЕХНИЧЕСКИЙ ИНСТИТУТ""","АО ""КНИРТИ""",4007017378,1124011001058,https://war-sanctions.gur.gov.ua/ru/rostec/3513,4670,unresolved,,,
3369,"АКЦИОНЕРНОЕ ОБЩЕСТВО ""УЛЬЯНОВСКОЕ КОНСТРУКТОРСКОЕ БЮРО ПРИБОРОСТРОЕНИЯ""","АО ""УКБП""",7303005071,1027301160798,https://war-sanctions.gur.gov.ua/ru/rostec/3369,4670,unresolved,,,
10266,"АКЦИОНЕРНОЕ ОБЩЕСТВО ""ФАЗОТРОН-ВМЗ""","АО ""ФАЗОТРОН-ВМЗ""",7713297251,1027700013692,https://war-sanctions.gur.gov.ua/ru/rostec/10266,4670,unresolved,,,
3506,"АКЦИОНЕРНОЕ ОБЩЕСТВО ""АЭРОПРИБОР-ВОСХОД""","АО ""АП ВОСХОД""",7719021450,1037700038254,https://war-sanctions.gur.gov.ua/ru/rostec/3506,4670,unresolved,,,
3490,"ПУБЛИЧНОЕ АКЦИОНЕРНОЕ ОБЩЕСТВО ""МОСКОВСКИЙ ИНСТИТУТ ЭЛЕКТРОМЕХАНИКИ И АВТОМАТИКИ""","ПАО ""МИЭА""",7714025469,1027739201951,https://war-sanctions.gur.gov.ua/ru/rostec/3490,4670,unresolved,,,
1872,"АКЦИОНЕРНОЕ ОБЩЕСТВО ""НИЖЕГОРОДСКОЕ НАУЧНО-ПРОИЗВОДСТВЕННОЕ ОБЪЕДИНЕНИЕ ИМЕНИ М. В. ФРУНЗЕ""","АО ""ННПО ИМЕНИ М. В. ФРУНЗЕ""",5261077695,1115261005738,https://war-sanctions.gur.gov.ua/ru/rostec/1872,4670,unresolved,,,
3524,"АКЦИОНЕРНОЕ ОБЩЕСТВО ""НАУЧНО-ПРОИЗВОДСТВЕННОЕ ОБЪЕДИНЕНИЕ ""РАДИОЭЛЕКТРОНИКА"" ИМЕНИ В.И. ШИМКО""","АО ""НПО ""РАДИОЭЛЕКТРОНИКА"" ИМ. В.И. ШИМКО""",1660155764,1111690049833,https://war-sanctions.gur.gov.ua/ru/rostec/3524,4670,unresolved,,,
3511,"АКЦИОНЕРНОЕ ОБЩЕСТВО ""ИНЖЕНЕРНОЕ СОПРОВОЖДЕНИЕ ИСПЫТАНИЙ ""ВЗЛЕТ""","АО ""ИСИ ""ВЗЛЕТ""",3022001050,1113022000431,https://war-sanctions.gur.gov.ua/ru/rostec/3511,4670,unresolved,,,
3377,"АКЦИОНЕРНОЕ ОБЩЕСТВО ""РАДИОПРИБОР""","АО ""РАДИОПРИБОР""",1659034109,1021603465850,https://war-sanctions.gur.gov.ua/ru/rostec/3377,4670,unresolved,,,
237,"АКЦИОНЕРНОЕ ОБЩЕСТВО ""НАУЧНО-ПРОИЗВОДСТВЕННОЕ ОБЪЕДИНЕНИЕ ""КВАНТ""","АО ""НПО ""КВАНТ""",5321151441,1115321008175,https://war-sanctions.gur.gov.ua/ru/rostec/237,4670,unresolved,,,
3525,"АКЦИОНЕРНОЕ ОБЩЕСТВО ""НАУЧНО-ПРОИЗВОДСТВЕННОЕ ПРЕДПРИЯТИЕ ""ЭЛТОМ""","АО ""НПП ""ЭЛТОМ""",5027106028,1055013000910,https://war-sanctions.gur.gov.ua/ru/rostec/3525,4670,unresolved,,,
3512,"АКЦИОНЕРНОЕ ОБЩЕСТВО ""КАЗАНСКОЕ ПРИБОРОСТРОИТЕЛЬНОЕ КОНСТРУКТОРСКОЕ БЮРО""","АО ""КПКБ""",1660151791,1111690021190,https://war-sanctions.gur.gov.ua/ru/rostec/3512,4670,unresolved,,,
4327,"АКЦИОНЕРНОЕ ОБЩЕСТВО ""АВИААВТОМАТИКА"" ИМЕНИ В.В. ТАРАСОВА""","АО ""АВИААВТОМАТИКА"" ИМ. В.В. ТАРАСОВА""",4629019412,1024600949867,https://war-sanctions.gur.gov.ua/ru/rostec/4327,4670,unresolved,,,
16334,"ОБЩЕСТВО С ОГРАНИЧЕННОЙ ОТВЕТСТВЕННОСТЬЮ ""ЗАВОД ""САТАЛ-ПРИБОР""","ООО ""ЗАВОД ""САТАЛ-ПРИБОР""",4632092532,1084632003884,https://war-sanctions.gur.gov.ua/ru/rostec/16334,4327,unresolved,,,
16333,"ОБЩЕСТВО С ОГРАНИЧЕННОЙ ОТВЕТСТВЕННОСТЬЮ ""ЗАВОД ЭЛЕКТРОБЫТОВЫХ ИЗДЕЛИЙ ""СПЕКТР-ПРИБОР""","ООО ""ЗЭБИ ""СПЕКТР-ПРИБОР""",4632071035,1064632050163,https://war-sanctions.gur.gov.ua/ru/rostec/16333,4327,unresolved,,,
3489,"ПУБЛИЧНОЕ АКЦИОНЕРНОЕ ОБЩЕСТВО СТАВРОПОЛЬСКИЙ РАДИОЗАВОД ""СИГНАЛ""","ПАО ""СИГНАЛ""",2635000092,1022601930537,https://war-sanctions.gur.gov.ua/ru/rostec/3489,4670,unresolved,,,
16332,"ОБЩЕСТВО С ОГРАНИЧЕННОЙ ОТВЕТСТВЕННОСТЬЮ ""УПРАВЛЯЮЩАЯ КОМПАНИЯ ТЕХНОПАРКА РАДИОЭЛЕКТРОННОЙ ПРОМЫШЛЕННОСТИ ""СИГНАЛ""","ООО ""УК ТЕХНОПАРКА ""СИГНАЛ""",2635265885,1252600008264,https://war-sanctions.gur.gov.ua/ru/rostec/16332,3489,unresolved,,,
3488,"ПУБЛИЧНОЕ АКЦИОНЕРНОЕ ОБЩЕСТВО ""ТЕХПРИБОР""","ПАО ""ТЕХПРИБОР""",7810237177,1027804916633,https://war-sanctions.gur.gov.ua/ru/rostec/3488,4670,unresolved,,,
3518,"АКЦИОНЕРНОЕ ОБЩЕСТВО ""МИКРОТЕХНИКА""","АО ""МИКРОТЕХНИКА""",7813183628,1037828044847,https://war-sanctions.gur.gov.ua/ru/rostec/3518,3488,unresolved,,,
16331,"ОБЩЕСТВО С ОГРАНИЧЕННОЙ ОТВЕТСТВЕННОСТЬЮ ""ТВОЕ ЗДОРОВЬЕ""","ООО ""ТВОЕ ЗДОРОВЬЕ""",7810503904,1089847035761,https://war-sanctions.gur.gov.ua/ru/rostec/16331,3488,unresolved,,,
3508,"АКЦИОНЕРНОЕ ОБЩЕСТВО ""ВСЕРОССИЙСКИЙ НАУЧНО-ИССЛЕДОВАТЕЛЬСКИЙ ИНСТИТУТ ""ГРАДИЕНТ""","АО ""ВНИИ ""ГРАДИЕНТ""",6163111477,1116195013934,https://war-sanctions.gur.gov.ua/ru/rostec/3508,4670,unresolved,,,
3507,"АКЦИОНЕРНОЕ ОБЩЕСТВО ""БРЯНСКИЙ ЭЛЕКТРОМЕХАНИЧЕСКИЙ ЗАВОД""","АО ""БЭМЗ""",3255517577,1113256022824,https://war-sanctions.gur.gov.ua/ru/rostec/3507,3508,unresolved,,,
3516,"АКЦИОНЕРНОЕ ОБЩЕСТВО ""КОРПОРАЦИЯ ""АЭРОКОСМИЧЕСКОЕ ОБОРУДОВАНИЕ""","АО ""КАО""",7813132895,1027806858749,https://war-sanctions.gur.gov.ua/ru/rostec/3516,4670,unresolved,,,
3520,"АКЦИОНЕРНОЕ ОБЩЕСТВО ""МОСКОВСКИЙ РАДИОЗАВОД ""ТЕМП""","АО ""МРЗ ""ТЕМП""",7705415783,1027700119039,https://war-sanctions.gur.gov.ua/ru/rostec/3520,3516,unresolved,,,
3370,"АКЦИОНЕРНОЕ ОБЩЕСТВО ""НАУЧНО-ПРОИЗВОДСТВЕННОЕ ПРЕДПРИЯТИЕ ""ИЗМЕРИТЕЛЬ""","АО ""НПП ""ИЗМЕРИТЕЛЬ""",6731036814,1026701422076,https://war-sanctions.gur.gov.ua/ru/rostec/3370,3516,unresolved,,,
9455,"ПУБЛИЧНОЕ АКЦИОНЕРНОЕ ОБЩЕСТВО ""ТАМБОВСКИЙ ЗАВОД ""ЭЛЕКТРОПРИБОР""","ПАО ""ЭЛЕКТРОПРИБОР""",6829000109,1026801225296,https://war-sanctions.gur.gov.ua/ru/rostec/9455,3516,unresolved,,,
16330,"АКЦИОНЕРНОЕ ОБЩЕСТВО ""УЛАН-УДЭНСКОЕ ПРИБОРОСТРОИТЕЛЬНОЕ ПРОИЗВОДСТВЕННОЕ ОБЪЕДИНЕНИЕ""","АО ""У-У ППО""",0323053578,1020300971096,https://war-sanctions.gur.gov.ua/ru/rostec/16330,3516,unresolved,,,
3505,"АКЦИОНЕРНОЕ ОБЩЕСТВО ""АЛЬМЕТЬЕВСКИЙ ЗАВОД ""РАДИОПРИБОР""","АО ""АЛЬМЕТЬЕВСКИЙ ЗАВОД ""РАДИОПРИБОР""",1644018390,1021601630270,https://war-sanctions.gur.gov.ua/ru/rostec/3505,3516,unresolved,,,
3509,"АКЦИОНЕРНОЕ ОБЩЕСТВО ""ГОСУДАРСТВЕННЫЙ РЯЗАНСКИЙ ПРИБОРНЫЙ ЗАВОД""","АО ""ГРПЗ""",6234098539,1116234013598,https://war-sanctions.gur.gov.ua/ru/rostec/3509,4670,unresolved,,,
8760,"АКЦИОНЕРНОЕ ОБЩЕСТВО ""НАУЧНО-ПРОИЗВОДСТВЕННОЕ ОБЪЕДИНЕНИЕ ""РЯЗАНЬПРИБОР""","АО ""НПО ""РЯЗАНЬПРИБОР""",6231005127,1036208003512,https://war-sanctions.gur.gov.ua/ru/rostec/8760,3509,unresolved,,,
707,"АКЦИОНЕРНОЕ ОБЩЕСТВО ""РАМЕНСКОЕ ПРИБОРОСТРОИТЕЛЬНОЕ КОНСТРУКТОРСКОЕ БЮРО""","АО ""РПКБ""",5040007594,1025005118830,https://war-sanctions.gur.gov.ua/ru/rostec/707,4670,unresolved,,,
3517,"АКЦИОНЕРНОЕ ОБЩЕСТВО ""КОРПОРАЦИЯ ""ФАЗОТРОН - НАУЧНО-ИССЛЕДОВАТЕЛЬСКИЙ ИНСТИТУТ РАДИОСТРОЕНИЯ""","АО ""КОРПОРАЦИЯ ""ФАЗОТРОН-НИИР""",7710037914,1027700069902,https://war-sanctions.gur.gov.ua/ru/rostec/3517,707,unresolved,,,
16329,"ОБЩЕСТВО С ОГРАНИЧЕННОЙ ОТВЕТСТВЕННОСТЬЮ ""МАСТЕР МАКС""","ООО ""МАСТЕР МАКС""",5013041028,1035002603338,https://war-sanctions.gur.gov.ua/ru/rostec/16329,707,unresolved,,,
11747,"АКЦИОНЕРНОЕ ОБЩЕСТВО ""ИНЕРЦИАЛЬНЫЕ ТЕХНОЛОГИИ ""ТЕХНОКОМПЛЕКСА""","АО ""ИТТ""",5040065525,1055007507895,https://war-sanctions.gur.gov.ua/ru/rostec/11747,707,unresolved,,,
8904,"ОБЩЕСТВО С ОГРАНИЧЕННОЙ ОТВЕТСТВЕННОСТЬЮ ""НАУЧНО-ПРОИЗВОДСТВЕННЫЙ КОМПЛЕКС ""ЭЛЕКТРООПТИКА""","ООО ""НПК ""ЭЛЕКТРООПТИКА""",7718878771,1127746164215,https://war-sanctions.gur.gov.ua/ru/rostec/8904,11747,unresolved,,,
3521,"АКЦИОНЕРНОЕ ОБЩЕСТВО ""НАУЧНО-ИССЛЕДОВАТЕЛЬСКИЙ ИНСТИТУТ ""ЭКРАН""","АО ""НИИ ""ЭКРАН""",6319169796,1136319002731,https://war-sanctions.gur.gov.ua/ru/rostec/3521,4670,unresolved,,,
3510,"АКЦИОНЕРНОЕ ОБЩЕСТВО ""ЖИГУЛЕВСКИЙ РАДИОЗАВОД""","АО ""ЖРЗ""",6345012304,1036301730310,https://war-sanctions.gur.gov.ua/ru/rostec/3510,3521,unresolved,,,
167,"АКЦИОНЕРНОЕ ОБЩЕСТВО ""ОБЪЕДИНЕННАЯ ПРИБОРОСТРОИТЕЛЬНАЯ КОРПОРАЦИЯ""","АО ""ОПК""",7704859803,1147746324340,https://war-sanctions.gur.gov.ua/ru/rostec/167,16,unresolved,,,
2496,"АКЦИОНЕРНОЕ ОБЩЕСТВО ""НАУЧНО-ПРОИЗВОДСТВЕННОЕ ПРЕДПРИЯТИЕ ""РАДИОСВЯЗЬ""","АО ""НПП ""РАДИОСВЯЗЬ""",2460243408,1122468072231,https://war-sanctions.gur.gov.ua/ru/rostec/2496,167,unresolved,,,
5705,"ОБЩЕСТВО С ОГРАНИЧЕННОЙ ОТВЕТСТВЕННОСТЬЮ ""УПРАВЛЯЮЩАЯ КОМПАНИЯ ""ВЕРЕЙСКАЯ 29""","ООО ""УК ""ВЕРЕЙСКАЯ 29""",7731564527,5077746418778,https://war-sanctions.gur.gov.ua/ru/rostec/5705,167,unresolved,,,
16292,"ОБЩЕСТВО С ОГРАНИЧЕННОЙ ОТВЕТСТВЕННОСТЬЮ ""МНОГОПРОФИЛЬНОЕ ПРОИЗВОДСТВЕННОЕ ПРЕДПРИЯТИЕ""","ООО ""МПП""",7805311114,1157847120551,https://war-sanctions.gur.gov.ua/ru/rostec/16292,167,unresolved,,,
5920,"АКЦИОНЕРНОЕ ОБЩЕСТВО ""НАУЧНО-ПРОИЗВОДСТВЕННОЕ ОБЪЕДИНЕНИЕ АНГСТРЕМ""","АО ""НПО АНГСТРЕМ""",7735575858,1117746142502,https://war-sanctions.gur.gov.ua/ru/rostec/5920,167,unresolved,,,
354,"АКЦИОНЕРНОЕ ОБЩЕСТВО ""НАУЧНО-ПРОИЗВОДСТВЕННОЕ ПРЕДПРИЯТИЕ ""ИСТОК"" ИМЕНИ А. И. ШОКИНА""","АО ""НПП ""ИСТОК"" ИМ. ШОКИНА""",5050108496,1135050007400,https://war-sanctions.gur.gov.ua/ru/rostec/354,167,matched_name_and_website,1750736,https://hh.ru/employer/1750736,
542,"АКЦИОНЕРНОЕ ОБЩЕСТВО ""РОССИЙСКАЯ ЭЛЕКТРОНИКА""","АО ""РОСЭЛЕКТРОНИКА""",7710277994,1027739000475,https://war-sanctions.gur.gov.ua/ru/rostec/542,167,unresolved,,,
16299,"АКЦИОНЕРНОЕ ОБЩЕСТВО ""НАУЧНО-ПРОИЗВОДСТВЕННОЕ ОБЪЕДИНЕНИЕ ""ПУЛЬСАР""","АО ""НПО ""ПУЛЬСАР""",7718570835,1057749606837,https://war-sanctions.gur.gov.ua/ru/rostec/16299,542,unresolved,,,
9151,"АКЦИОНЕРНОЕ ОБЩЕСТВО ""ЛОГИКА""","АО ""ЛОГИКА""",7735000722,1027739871500,https://war-sanctions.gur.gov.ua/ru/rostec/9151,542,unresolved,,,
16297,"АКЦИОНЕРНОЕ ОБЩЕСТВО ""ОМЕГА""","АО ""ОМЕГА""",7017275172,1107017021979,https://war-sanctions.gur.gov.ua/ru/rostec/16297,542,unresolved,,,
5939,"АКЦИОНЕРНОЕ ОБЩЕСТВО ""ЭЛЕКТРОН-ОПТРОНИК""","АО ""ЭЛЕКТРОН-ОПТРОНИК""",7802362079,5067847207698,https://war-sanctions.gur.gov.ua/ru/rostec/5939,542,unresolved,,,
10299,"АКЦИОНЕРНОЕ ОБЩЕСТВО ""СЕТЕВЫЕ ТЕХНОЛОГИИ""","АО ""СЕТЕВЫЕ ТЕХНОЛОГИИ""",7730658356,5117746067830,https://war-sanctions.gur.gov.ua/ru/rostec/10299,542,unresolved,,,
2467,"АКЦИОНЕРНОЕ ОБЩЕСТВО ""ВНЕШНЕЭКОНОМИЧЕСКОЕ ОБЪЕДИНЕНИЕ ""МАШПРИБОРИНТОРГ""","АО ""ВО ""МАШПРИБОРИНТОРГ""",7719813840,1127746458465,https://war-sanctions.gur.gov.ua/ru/rostec/2467,542,unresolved,,,
2463,"АКЦИОНЕРНОЕ ОБЩЕСТВО ""МОСЭЛЕКТРОНПРОЕКТ""","АО ""МОСЭП""",7712008203,1027739648001,https://war-sanctions.gur.gov.ua/ru/rostec/2463,542,unresolved,,,
16296,"АКЦИОНЕРНОЕ ОБЩЕСТВО ""ЦЕНТРАЛЬНЫЙ НАУЧНО-ИССЛЕДОВАТЕЛЬСКИЙ ИНСТИТУТ ЭКОНОМИКИ, СИСТЕМ УПРАВЛЕНИЯ И ИНФОРМАЦИИ ""ЭЛЕКТРОНИКА""","АО ""ЦНИИ ""ЭЛЕКТРОНИКА""",7729033871,1027739065617,https://war-sanctions.gur.gov.ua/ru/rostec/16296,542,unresolved,,,
3632,"АКЦИОНЕРНОЕ ОБЩЕСТВО ""ЦЕНТРАЛЬНЫЙ НАУЧНО-ИССЛЕДОВАТЕЛЬСКИЙ ИНСТИТУТ ЭКОНОМИКИ, ИНФОРМАТИКИ И СИСТЕМ УПРАВЛЕНИЯ""","АО ""ЦНИИ ЭИСУ""",7703824477,1147748143344,https://war-sanctions.gur.gov.ua/ru/rostec/3632,542,unresolved,,,
3612,"АКЦИОНЕРНОЕ ОБЩЕСТВО ""НАУЧНО-ПРОИЗВОДСТВЕННОЕ ПРЕДПРИЯТИЕ ""ЦИКЛОН-ТЕСТ""","АО ""НПП ""ЦИКЛОН-ТЕСТ""",5052022886,1115050007676,https://war-sanctions.gur.gov.ua/ru/rostec/3612,542,unresolved,,,
2503,"АКЦИОНЕРНОЕ ОБЩЕСТВО ""НАУЧНО-ИССЛЕДОВАТЕЛЬСКИЙ ИНСТИТУТ ""ФЕРРИТ-ДОМЕН""","АО ""НИИ ""ФЕРРИТ-ДОМЕН""",7810245940,1037821019631,https://war-sanctions.gur.gov.ua/ru/rostec/2503,542,unresolved,,,
2506,"АКЦИОНЕРНОЕ ОБЩЕСТВО ""СПЕЦИАЛЬНОЕ КОНСТРУКТОРСКО-ТЕХНОЛОГИЧЕСКОЕ БЮРО ПО РЕЛЕЙНОЙ ТЕХНИКЕ""","АО ""СКТБ РТ""",5321095589,1045300260940,https://war-sanctions.gur.gov.ua/ru/rostec/2506,542,unresolved,,,
2485,"АКЦИОНЕРНОЕ ОБЩЕСТВО ""ОПТРОН""","АО ""ОПТРОН""",7719019691,1027700006751,https://war-sanctions.gur.gov.ua/ru/rostec/2485,542,unresolved,,,
3631,"АКЦИОНЕРНОЕ ОБЩЕСТВО ""НОВОСИБИРСКИЙ ЗАВОД РАДИОДЕТАЛЕЙ ""ОКСИД""","АО ""НЗР ""ОКСИД""",5405441299,1115476107570,https://war-sanctions.gur.gov.ua/ru/rostec/3631,542,unresolved,,,
3613,"АКЦИОНЕРНОЕ ОБЩЕСТВО ""НАУЧНО-ИССЛЕДОВАТЕЛЬСКИЙ И ПРОЕКТНО-ТЕХНОЛОГИЧЕСКИЙ ИНСТИТУТ ЭЛЕКТРОУГОЛЬНЫХ ИЗДЕЛИЙ""","АО ""НИИЭИ""",5031099373,1125031000093,https://war-sanctions.gur.gov.ua/ru/rostec/3613,542,unresolved,,,
2469,"АКЦИОНЕРНОЕ ОБЩЕСТВО ""ИНФОРМАКУСТИКА""","АО ""ИНФОРМАКУСТИКА""",7813487947,1109847019721,https://war-sanctions.gur.gov.ua/ru/rostec/2469,542,unresolved,,,
3379,"АКЦИОНЕРНОЕ ОБЩЕСТВО ""НАУЧНО-ИССЛЕДОВАТЕЛЬСКИЙ ИНСТИТУТ ""ГИРИКОНД""","АО ""НИИ ""ГИРИКОНД""",7802144144,1027801555143,https://war-sanctions.gur.gov.ua/ru/rostec/3379,542,unresolved,,,
2479,"АКЦИОНЕРНОЕ ОБЩЕСТВО ""ЗАВОД ""МЕТЕОР""","АО ""ЗАВОД ""МЕТЕОР""",3435000717,1023402012050,https://war-sanctions.gur.gov.ua/ru/rostec/2479,542,unresolved,,,
3630,"АКЦИОНЕРНОЕ ОБЩЕСТВО ""ВНЕШНЕТОРГОВОЕ ОБЪЕДИНЕНИЕ ""ЭЛЕКТРОНИНТОРГ""","АО ""ВО ""ЭЛЕКТРОНИНТОРГ""",7743592991,1067746527606,https://war-sanctions.gur.gov.ua/ru/rostec/3630,542,unresolved,,,
2460,"АКЦИОНЕРНОЕ ОБЩЕСТВО ""ДОЛГОПРУДНЕНСКОЕ КОНСТРУКТОРСКОЕ БЮРО АВТОМАТИКИ""","АО ""ДКБА""",5008058393,1125047004873,https://war-sanctions.gur.gov.ua/ru/rostec/2460,542,matched_name_and_website,544263,https://hh.ru/employer/544263,
4638,"АКЦИОНЕРНОЕ ОБЩЕСТВО ""ЦЕНТРАЛЬНОЕ КОНСТРУКТОРСКОЕ БЮРО СПЕЦИАЛЬНЫХ РАДИОМАТЕРИАЛОВ""","АО ""ЦКБ РМ""",7722599844,1077746102060,https://war-sanctions.gur.gov.ua/ru/rostec/4638,542,unresolved,,,
3614,"АКЦИОНЕРНОЕ ОБЩЕСТВО ""НАУЧНО-ИССЛЕДОВАТЕЛЬСКИЙ ИНСТИТУТ ПОЛУПРОВОДНИКОВЫХ ПРИБОРОВ""","АО ""НИИПП""",7017084932,1037000170690,https://war-sanctions.gur.gov.ua/ru/rostec/3614,542,matched_name_and_website,1066567,https://hh.ru/employer/1066567,
3635,"АКЦИОНЕРНОЕ ОБЩЕСТВО ""НАУЧНО-ИССЛЕДОВАТЕЛЬСКИЙ ИНСТИТУТ ПРОГРАММНЫХ СРЕДСТВ""","АО ""НИИ ПС""",7804454896,1117847048440,https://war-sanctions.gur.gov.ua/ru/rostec/3635,542,unresolved,,,
3586,"АКЦИОНЕРНОЕ ОБЩЕСТВО ""БАРНАУЛЬСКОЕ СПЕЦИАЛЬНОЕ КОНСТРУКТОРСКОЕ БЮРО ""ВОСТОК""","АО ""БСКБ ""ВОСТОК""",2221181133,1102225010535,https://war-sanctions.gur.gov.ua/ru/rostec/3586,542,unresolved,,,
3606,"АКЦИОНЕРНОЕ ОБЩЕСТВО ""РЯЗАНСКИЙ ЗАВОД МЕТАЛЛОКЕРАМИЧЕСКИХ ПРИБОРОВ""","АО ""РЗМКП""",6230006400,1026201102377,https://war-sanctions.gur.gov.ua/ru/rostec/3606,542,unresolved,,,
3571,"АКЦИОНЕРНОЕ ОБЩЕСТВО ""НАУЧНО-ИССЛЕДОВАТЕЛЬСКИЙ ИНСТИТУТ ГАЗОРАЗРЯДНЫХ ПРИБОРОВ ""ПЛАЗМА""","АО ""ПЛАЗМА""",6230005886,1026201102850,https://war-sanctions.gur.gov.ua/ru/rostec/3571,542,unresolved,,,
138,"АКЦИОНЕРНОЕ ОБЩЕСТВО ""НАУЧНО-ИССЛЕДОВАТЕЛЬСКИЙ ИНСТИТУТ СРЕДСТВ ВЫЧИСЛИТЕЛЬНОЙ ТЕХНИКИ""","АО ""НИИ СВТ""",4345309407,1114345026784,https://war-sanctions.gur.gov.ua/ru/rostec/138,542,unresolved,,,
3610,"АКЦИОНЕРНОЕ ОБЩЕСТВО ""НАУЧНО-ИССЛЕДОВАТЕЛЬСКИЙ ИНСТИТУТ ЭЛЕКТРОННО-МЕХАНИЧЕСКИХ ПРИБОРОВ""","АО ""НИИЭМП""",5834054179,1115834003185,https://war-sanctions.gur.gov.ua/ru/rostec/3610,542,unresolved,,,
2497,"АКЦИОНЕРНОЕ ОБЩЕСТВО ""НАУЧНО-ПРОИЗВОДСТВЕННОЕ ПРЕДПРИЯТИЕ ""САЛЮТ""","АО ""НПП ""САЛЮТ""",5261079332,1125261000040,https://war-sanctions.gur.gov.ua/ru/rostec/2497,542,unresolved,,,
2498,"АКЦИОНЕРНОЕ ОБЩЕСТВО ""НАУЧНО-ПРОИЗВОДСТВЕННОЕ ПРЕДПРИЯТИЕ ""СВЯЗЬ""","АО ""НПП ""СВЯЗЬ""",7118011916,1027101505133,https://war-sanctions.gur.gov.ua/ru/rostec/2498,542,unresolved,,,
6803,"ПУБЛИЧНОЕ АКЦИОНЕРНОЕ ОБЩЕСТВО ""ЭЛЕМЕНТ""","ПАО ""ЭЛЕМЕНТ""",9703014282,1207700245532,https://war-sanctions.gur.gov.ua/ru/rostec/6803,542,unresolved,,,
16328,"ОБЩЕСТВО С ОГРАНИЧЕННОЙ ОТВЕТСТВЕННОСТЬЮ ""ЛЭТИЭЛ""","ООО ""ЛЭТИЭЛ""",7811799997,1247800070330,https://war-sanctions.gur.gov.ua/ru/rostec/16328,6803,unresolved,,,
16327,"ОБЩЕСТВО С ОГРАНИЧЕННОЙ ОТВЕТСТВЕННОСТЬЮ ""МФТИ ТЕЛЕКОМ""","ООО ""МФТИ ТЕЛЕКОМ""",5047252210,1215000057667,https://war-sanctions.gur.gov.ua/ru/rostec/16327,6803,unresolved,,,
16326,"ОБЩЕСТВО С ОГРАНИЧЕННОЙ ОТВЕТСТВЕННОСТЬЮ ""ЭЛЕМЕНТ-ТРЕЙД""","ООО ""ЭЛЕМЕНТ-ТРЕЙД""",7735185463,1197746592515,https://war-sanctions.gur.gov.ua/ru/rostec/16326,6803,unresolved,,,
16325,"ОБЩЕСТВО С ОГРАНИЧЕННОЙ ОТВЕТСТВЕННОСТЬЮ ""ФИНЭЛ""","ООО ""ФИНЭЛ""",9703209228,1257700160860,https://war-sanctions.gur.gov.ua/ru/rostec/16325,6803,unresolved,,,
11949,"ОБЩЕСТВО С ОГРАНИЧЕННОЙ ОТВЕТСТВЕННОСТЬЮ ""ТЕНРОН""","ООО ""ТЕНРОН""",7710643062,5067746491930,https://war-sanctions.gur.gov.ua/ru/rostec/11949,6803,unresolved,,,
16321,"АКЦИОНЕРНОЕ ОБЩЕСТВО ""ОТРАСЛЕВЫЕ РЕШЕНИЯ""","АО ""ОТРАСЛЕВЫЕ РЕШЕНИЯ""",9725108456,1227700891868,https://war-sanctions.gur.gov.ua/ru/rostec/16321,6803,unresolved,,,
16319,"АВТОНОМНАЯ НЕКОММЕРЧЕСКАЯ ОРГАНИЗАЦИЯ СОДЕЙСТВИЯ В РАЗВИТИИ ЦИФРОВОЙ ИНФРАСТРУКТУРЫ ""КОНСОРЦИУМ ""ТЕЛЕКОММУНИКАЦИОННЫЕ ТЕХНОЛОГИИ""","АНО ""ТТ""",9703006517,1197700018042,https://war-sanctions.gur.gov.ua/ru/rostec/16319,6803,unresolved,,,
6802,"АКЦИОНЕРНОЕ ОБЩЕСТВО ""АНГСТРЕМ""","АО ""АНГСТРЕМ""",7735010706,1027700140930,https://war-sanctions.gur.gov.ua/ru/rostec/6802,6803,unresolved,,,
16316,"АКЦИОНЕРНОЕ ОБЩЕСТВО ""ЦЕНТРАЛЬНОЕ КОНСТРУКТОРСКОЕ БЮРО ""ДЕЙТОН""","АО ""ЦКБ ""ДЕЙТОН""",7735121290,1037735008520,https://war-sanctions.gur.gov.ua/ru/rostec/16316,6803,unresolved,,,
16315,"АКЦИОНЕРНОЕ ОБЩЕСТВО ""ЗАВОД ПОЛУПРОВОДНИКОВЫХ ПРИБОРОВ""","АО ""ЗПП""",1215085052,1021200779445,https://war-sanctions.gur.gov.ua/ru/rostec/16315,6803,unresolved,,,
3605,"АКЦИОНЕРНОЕ ОБЩЕСТВО ""ЗАВОД ""МАРС""","АО ""ЗАВОД ""МАРС""",6915002325,1026901911211,https://war-sanctions.gur.gov.ua/ru/rostec/3605,6803,unresolved,,,
6329,"АКЦИОНЕРНОЕ ОБЩЕСТВО ""НАУЧНО-ИССЛЕДОВАТЕЛЬСКИЙ ИНСТИТУТ ТОЧНОГО МАШИНОСТРОЕНИЯ""",АО НИИТМ,7735043966,1027700037749,https://war-sanctions.gur.gov.ua/ru/rostec/6329,6803,unresolved,,,
4645,"АКЦИОНЕРНОЕ ОБЩЕСТВО ""НОВОСИБИРСКИЙ ЗАВОД ПОЛУПРОВОДНИКОВЫХ ПРИБОРОВ ВОСТОК""","АО ""НЗПП ВОСТОК""",5402546039,1115476167180,https://war-sanctions.gur.gov.ua/ru/rostec/4645,6803,matched_name_and_website,2653784,https://hh.ru/employer/2653784,
6321,"АКЦИОНЕРНОЕ ОБЩЕСТВО ""НАУЧНО-ИССЛЕДОВАТЕЛЬСКИЙ ИНСТИТУТ МИКРОЭЛЕКТРОННОЙ АППАРАТУРЫ ""ПРОГРЕСС""","АО ""НИИМА ""ПРОГРЕСС""",7743869192,1127747128662,https://war-sanctions.gur.gov.ua/ru/rostec/6321,6803,unresolved,,,
6804,"АКЦИОНЕРНОЕ ОБЩЕСТВО ""НАУЧНО-ИССЛЕДОВАТЕЛЬСКИЙ ИНСТИТУТ ЭЛЕКТРОННОЙ ТЕХНИКИ""","АО ""НИИЭТ""",3661057900,1123668048789,https://war-sanctions.gur.gov.ua/ru/rostec/6804,6803,unresolved,,,
16291,"ОБЩЕСТВО С ОГРАНИЧЕННОЙ ОТВЕТСТВЕННОСТЬЮ ""ЭЛЕМЕНТ-ТЕХНОЛОГИИ""","ООО ""ЭЛЕМЕНТ-ТЕХНОЛОГИИ""",7735189323,1207700431619,https://war-sanctions.gur.gov.ua/ru/rostec/16291,6803,unresolved,,,
16324,"ОБЩЕСТВО С ОГРАНИЧЕННОЙ ОТВЕТСТВЕННОСТЬЮ ""РАМ-Э""","ООО ""РАМ-Э""",9724056639,1217700397980,https://war-sanctions.gur.gov.ua/ru/rostec/16324,16291,unresolved,,,
16323,"ОБЩЕСТВО С ОГРАНИЧЕННОЙ ОТВЕТСТВЕННОСТЬЮ ""ЭЛЕМЕНТ-ИНЖИНИРИНГ""","ООО ""ЭЛЕМЕНТ-ИНЖИНИРИНГ""",7735191682,1217700292347,https://war-sanctions.gur.gov.ua/ru/rostec/16323,16291,unresolved,,,
16290,"АКЦИОНЕРНОЕ ОБЩЕСТВО ""КОНТРАКТ ХОЛДИНГ""","АО ""КОНТРАКТ ХОЛДИНГ""",7707473702,1227700581734,https://war-sanctions.gur.gov.ua/ru/rostec/16290,6803,unresolved,,,
16322,"WUXI COVALENT TECHNOLOGY CO., LTD.","WUXI COVALENT TECHNOLOGY CO., LTD.",,,https://war-sanctions.gur.gov.ua/ru/rostec/16322,16290,unresolved,,,
16289,"АКЦИОНЕРНОЕ ОБЩЕСТВО ""НАНОТРОНИКА""","АО ""НАНОТРОНИКА""",7735199402,1237700289012,https://war-sanctions.gur.gov.ua/ru/rostec/16289,6803,unresolved,,,
16320,"ОБЩЕСТВО С ОГРАНИЧЕННОЙ ОТВЕТСТВЕННОСТЬЮ ""ОПТИЧЕСКИЕ ТЕХНОЛОГИИ""","ООО ""ОПТИЧЕСКИЕ ТЕХНОЛОГИИ""",5473007481,1225400051667,https://war-sanctions.gur.gov.ua/ru/rostec/16320,16289,unresolved,,,
16288,"ОБЩЕСТВО С ОГРАНИЧЕННОЙ ОТВЕТСТВЕННОСТЬЮ ""НОВАТОР""","ООО ""НОВАТОР""",7735187855,1207700191665,https://war-sanctions.gur.gov.ua/ru/rostec/16288,6803,unresolved,,,
16318,"ОБЩЕСТВО С ОГРАНИЧЕННОЙ ОТВЕТСТВЕННОСТЬЮ ""ЮЖНАЯ ФАБРИКА СТАРТАПОВ""","ООО ""ЮФС""",6168118892,1226100032400,https://war-sanctions.gur.gov.ua/ru/rostec/16318,16288,unresolved,,,
3615,"АКЦИОНЕРНОЕ ОБЩЕСТВО ""НОВОСИБИРСКИЙ ИНСТИТУТ ПРОГРАММНЫХ СИСТЕМ""","АО ""НИПС""",5408106323,1025403639073,https://war-sanctions.gur.gov.ua/ru/rostec/3615,6803,unresolved,,,
16317,"ОБЩЕСТВО С ОГРАНИЧЕННОЙ ОТВЕТСТВЕННОСТЬЮ ""НИПС-СОФТ""","ООО ""НИПС-СОФТ""",5473016817,1245400029874,https://war-sanctions.gur.gov.ua/ru/rostec/16317,3615,unresolved,,,
436,"АКЦИОНЕРНОЕ ОБЩЕСТВО ""НАУЧНО-ИССЛЕДОВАТЕЛЬСКИЙ ИНСТИТУТ МОЛЕКУЛЯРНОЙ ЭЛЕКТРОНИКИ""","АО ""НИИМЭ""",7735579027,1117746568829,https://war-sanctions.gur.gov.ua/ru/rostec/436,6803,unresolved,,,
16314,"ОБЩЕСТВО С ОГРАНИЧЕННОЙ ОТВЕТСТВЕННОСТЬЮ ""МОСКОВСКАЯ ИСПЫТАТЕЛЬНАЯ ЛАБОРАТОРИЯ МИКРОЭЛЕКТРОНИКИ""","ООО ""МИЛМ""",7735210864,1257700180990,https://war-sanctions.gur.gov.ua/ru/rostec/16314,436,unresolved,,,
16313,"ОБЩЕСТВО С ОГРАНИЧЕННОЙ ОТВЕТСТВЕННОСТЬЮ ""НИИМЭ-МИКРОДИЗАЙН""","ООО ""НИИМЭ-МД""",7735535125,1077762296655,https://war-sanctions.gur.gov.ua/ru/rostec/16313,436,unresolved,,,
16312,"ОБЩЕСТВО С ОГРАНИЧЕННОЙ ОТВЕТСТВЕННОСТЬЮ ""КОННЕКТОР ОПТИКС""","ООО ""КОННЕКТОР ОПТИКС""",7840421328,1097847308074,https://war-sanctions.gur.gov.ua/ru/rostec/16312,436,unresolved,,,
432,"АКЦИОНЕРНОЕ ОБЩЕСТВО ""МИКРОН""","АО ""МИКРОН""",7735007358,1027700073466,https://war-sanctions.gur.gov.ua/ru/rostec/432,6803,unresolved,,,
6324,"АКЦИОНЕРНОЕ ОБЩЕСТВО ""СВЕТЛАНА-ПОЛУПРОВОДНИКИ""","АО ""СВЕТЛАНА-ПОЛУПРОВОДНИКИ""",7802002037,1027801534485,https://war-sanctions.gur.gov.ua/ru/rostec/6324,432,unresolved,,,
16311,"ОБЩЕСТВО С ОГРАНИЧЕННОЙ ОТВЕТСТВЕННОСТЬЮ ""ДЕТСКИЙ ЦЕНТР ОТДЫХА ""ЖЕМЧУЖНЫЙ БЕРЕГ""","ООО ""ДЦО ""ЖЕМЧУЖНЫЙ БЕРЕГ""",7735148800,5157746117216,https://war-sanctions.gur.gov.ua/ru/rostec/16311,432,unresolved,,,
16310,"ОБЩЕСТВО С ОГРАНИЧЕННОЙ ОТВЕТСТВЕННОСТЬЮ ""МИКРОН СЕКЬЮРИТИ ПРИНТИНГ""","ООО ""МСП""",7735595558,1137746717790,https://war-sanctions.gur.gov.ua/ru/rostec/16310,432,unresolved,,,
6623,"АКЦИОНЕРНОЕ ОБЩЕСТВО ""ВЗПП-МИКРОН""","АО ""ВЗПП-МИКРОН""",3661020890,1023601533273,https://war-sanctions.gur.gov.ua/ru/rostec/6623,432,unresolved,,,
547,"АКЦИОНЕРНОЕ ОБЩЕСТВО ""КОНЦЕРН ""СОЗВЕЗДИЕ""","АО ""КОНЦЕРН ""СОЗВЕЗДИЕ""",3666127502,1053600445337,https://war-sanctions.gur.gov.ua/ru/rostec/547,542,unresolved,,,
8783,"АКЦИОНЕРНОЕ ОБЩЕСТВО ""РЯЗАНСКИЙ РАДИОЗАВОД - РУСАУДИО""","АО ""РРЗ-РУСАУДИО""",6231049903,1036208004800,https://war-sanctions.gur.gov.ua/ru/rostec/8783,547,unresolved,,,
2499,"АКЦИОНЕРНОЕ ОБЩЕСТВО ""НАУЧНО-ПРОИЗВОДСТВЕННОЕ ПРЕДПРИЯТИЕ ""ВОЛНА""","АО ""НПП ""ВОЛНА""",7726534774,1067746243454,https://war-sanctions.gur.gov.ua/ru/rostec/2499,547,unresolved,,,
2505,"АКЦИОНЕРНОЕ ОБЩЕСТВО ""НАУЧНО-ИССЛЕДОВАТЕЛЬСКИЙ ИНСТИТУТ СИСТЕМ СВЯЗИ И УПРАВЛЕНИЯ""","АО ""НИИССУ""",7728804257,1127746262390,https://war-sanctions.gur.gov.ua/ru/rostec/2505,547,unresolved,,,
3569,"АКЦИОНЕРНОЕ ОБЩЕСТВО ""ТАМБОВСКИЙ ЗАВОД ""РЕВОЛЮЦИОННЫЙ ТРУД""","АО ""ТЗ ""РЕВТРУД""",6829024766,1066829050859,https://war-sanctions.gur.gov.ua/ru/rostec/3569,547,unresolved,,,
2513,"АКЦИОНЕРНОЕ ОБЩЕСТВО ""ТАМБОВСКИЙ ЗАВОД ""ОКТЯБРЬ""","АО ""ТЗ ""ОКТЯБРЬ""",6829014768,1056882340173,https://war-sanctions.gur.gov.ua/ru/rostec/2513,547,matched_name_and_website,3184209,https://hh.ru/employer/3184209,
2487,"АКЦИОНЕРНОЕ ОБЩЕСТВО ""ПСКОВСКИЙ ЗАВОД АППАРАТУРЫ ДАЛЬНЕЙ СВЯЗИ""","АО ""ПСКОВСКИЙ ЗАВОД АДС""",6027014643,1026000956321,https://war-sanctions.gur.gov.ua/ru/rostec/2487,547,unresolved,,,
3587,"АКЦИОНЕРНОЕ ОБЩЕСТВО ""ЗАВОД ""ЛУЧ""","АО ""ЗАВОД ""ЛУЧ""",6913005680,1026901811881,https://war-sanctions.gur.gov.ua/ru/rostec/3587,547,unresolved,,,
2488,"АКЦИОНЕРНОЕ ОБЩЕСТВО ""РАДИОЗАВОД""","АО ""РАДИОЗАВОД""",5835049799,1045802500336,https://war-sanctions.gur.gov.ua/ru/rostec/2488,547,matched_name_and_website,3919105,https://hh.ru/employer/3919105,
2491,"АКЦИОНЕРНОЕ ОБЩЕСТВО ""РЯЗАНСКИЙ РАДИОЗАВОД""","АО ""РЯЗАНСКИЙ РАДИОЗАВОД""",6231006875,1026201260447,https://war-sanctions.gur.gov.ua/ru/rostec/2491,547,matched_name_and_website,2200785,https://hh.ru/employer/2200785,
3588,"АКЦИОНЕРНОЕ ОБЩЕСТВО ""КОНЦЕРН ""СИСТЕМПРОМ""","АО ""КОНЦЕРН ""СИСТЕМПРОМ""",7708753935,5117746071900,https://war-sanctions.gur.gov.ua/ru/rostec/3588,547,unresolved,,,
3568,"АКЦИОНЕРНОЕ ОБЩЕСТВО ""ВОРОНЕЖСКОЕ ЦЕНТРАЛЬНОЕ КОНСТРУКТОРСКОЕ БЮРО ""ПОЛЮС""","АО ""ВЦКБ ""ПОЛЮС""",3662104575,1053600512998,https://war-sanctions.gur.gov.ua/ru/rostec/3568,547,unresolved,,,
3485,"АКЦИОНЕРНОЕ ОБЩЕСТВО ""ВОРОНЕЖСКИЙ НАУЧНО-ИССЛЕДОВАТЕЛЬСКИЙ ИНСТИТУТ ""ВЕГА""","АО ""ВНИИ ""ВЕГА""",3662103035,1053600451013,https://war-sanctions.gur.gov.ua/ru/rostec/3485,547,unresolved,,,
16307,"ОБЩЕСТВО С ОГРАНИЧЕННОЙ ОТВЕТСТВЕННОСТЬЮ ""ДИАМАНТ-СЕРВИС""","ООО ""ДИАМАНТ-СЕРВИС""",3666137349,1063667261921,https://war-sanctions.gur.gov.ua/ru/rostec/16307,547,unresolved,,,
3584,"АКЦИОНЕРНОЕ ОБЩЕСТВО ""НАУЧНО-ИССЛЕДОВАТЕЛЬСКИЙ ИНСТИТУТ ""РУБИН""","АО ""НИИ ""РУБИН""",7802776390,1127847043720,https://war-sanctions.gur.gov.ua/ru/rostec/3584,547,unresolved,,,
574,"АКЦИОНЕРНОЕ ОБЩЕСТВО ""КРАСНОДАРСКИЙ ПРИБОРНЫЙ ЗАВОД ""КАСКАД""","АО ""КПЗ ""КАСКАД""",2311085593,1052306488057,https://war-sanctions.gur.gov.ua/ru/rostec/574,547,unresolved,,,
2462,"АКЦИОНЕРНОЕ ОБЩЕСТВО ""ЭЛЕКТРОСИГНАЛ""","АО ""ЭЛЕКТРОСИГНАЛ""",3650001159,1023601610504,https://war-sanctions.gur.gov.ua/ru/rostec/2462,547,unresolved,,,
16309,"УЧРЕЖДЕНИЕ ЗДРАВООХРАНЕНИЯ ""ПОЛИКЛИНИКА ""ЭЛЕКТРОСИГНАЛ""","ПОЛИКЛИНИКА ""ЭЛЕКТРОСИГНАЛ""",3662046027,1033600020805,https://war-sanctions.gur.gov.ua/ru/rostec/16309,2462,unresolved,,,
2458,"АКЦИОНЕРНОЕ ОБЩЕСТВО ""АЛМАЗ""","АО ""АЛМАЗ""",6166055693,1066166001813,https://war-sanctions.gur.gov.ua/ru/rostec/2458,547,matched_name_and_website,547453,https://hh.ru/employer/547453,
16308,"АССОЦИАЦИЯ ПРЕДПРИНИМАТЕЛЕЙ И РУКОВОДИТЕЛЕЙ ""СОВЕТ ДИРЕКТОРОВ ПЕРВОМАЙСКОГО РАЙОНА ГОРОДА РОСТОВА-НА-ДОНУ""","АПР ""СД ПЕРВОМАЙСКОГО РАЙОНА Г. РОСТОВА-НА-ДОНУ""",6166130100,1246100005095,https://war-sanctions.gur.gov.ua/ru/rostec/16308,2458,unresolved,,,
1843,"АКЦИОНЕРНОЕ ОБЩЕСТВО ""КОНЦЕРН ""АВТОМАТИКА""","АО ""КОНЦЕРН ""АВТОМАТИКА""",7715906332,1127746139564,https://war-sanctions.gur.gov.ua/ru/rostec/1843,542,matched_name_and_website,160759,https://hh.ru/employer/160759,
3503,"АКЦИОНЕРНОЕ ОБЩЕСТВО ""НАУЧНО-ПРОИЗВОДСТВЕННАЯ КОМПАНИЯ ""КРИПТОНИТ""","АО ""НПК ""КРИПТОНИТ""",9701115253,1187746695784,https://war-sanctions.gur.gov.ua/ru/rostec/3503,1843,unresolved,,,
3502,"ОБЩЕСТВО С ОГРАНИЧЕННОЙ ОТВЕТСТВЕННОСТЬЮ ""ЦЕНТР РАЗВИТИЯ ПЕРСПЕКТИВНЫХ ТЕХНОЛОГИЙ""","ООО ""ЦРПТ""",7731369928,1177746542247,https://war-sanctions.gur.gov.ua/ru/rostec/3502,1843,unresolved,,,
3500,"ОТКРЫТОЕ АКЦИОНЕРНОЕ ОБЩЕСТВО ""СМОЛЕНСКИЙ ЗАВОД РАДИОДЕТАЛЕЙ""","ОАО ""СМОЛЕНСКИЙ ЗАВОД РАДИОДЕТАЛЕЙ""",6731017748,1026701430238,https://war-sanctions.gur.gov.ua/ru/rostec/3500,1843,unresolved,,,
3483,"ПУБЛИЧНОЕ АКЦИОНЕРНОЕ ОБЩЕСТВО ""ИНСТИТУТ ЭЛЕКТРОННЫХ УПРАВЛЯЮЩИХ МАШИН ИМ. И.С. БРУКА""","ПАО ""ИНЭУМ ИМ. И.С. БРУКА""",7736005096,1027700297426,https://war-sanctions.gur.gov.ua/ru/rostec/3483,1843,matched_name_and_website,160125,https://hh.ru/employer/160125,
3462,"АКЦИОНЕРНОЕ ОБЩЕСТВО ""НАУЧНО-ТЕХНИЧЕСКИЙ ЦЕНТР ""АТЛАС""","АО ""НТЦ ""АТЛАС""",9715389053,1207700325590,https://war-sanctions.gur.gov.ua/ru/rostec/3462,1843,unresolved,,,
3461,"АКЦИОНЕРНОЕ ОБЩЕСТВО ""МОНТАЖНО-ТЕХНОЛОГИЧЕСКОЕ УПРАВЛЕНИЕ ""АЛЬТАИР""","АО ""МТУ ""АЛЬТАИР""",7709899119,1127746179780,https://war-sanctions.gur.gov.ua/ru/rostec/3461,1843,unresolved,,,
16304,"ОБЩЕСТВО С ОГРАНИЧЕННОЙ ОТВЕТСТВЕННОСТЬЮ ""РУСИНФОРМЭКСПОРТ""","ООО ""РУСИНФОРМЭКСПОРТ""",9717026175,1167746471848,https://war-sanctions.gur.gov.ua/ru/rostec/16304,1843,unresolved,,,
3465,"АКЦИОНЕРНОЕ ОБЩЕСТВО ""КАЛУЖСКИЙ ЭЛЕКТРОМЕХАНИЧЕСКИЙ ЗАВОД""","АО ""КЭМЗ""",4027106964,1114027007511,https://war-sanctions.gur.gov.ua/ru/rostec/3465,1843,matched_name_and_website,227540,https://hh.ru/employer/227540,
3486,"ОБЩЕСТВО С ОГРАНИЧЕННОЙ ОТВЕТСТВЕННОСТЬЮ ""НАЦИОНАЛЬНЫЕ ТЕХНОЛОГИИ""","ООО ""НТ""",7703436097,5177746148421,https://war-sanctions.gur.gov.ua/ru/rostec/3486,1843,unresolved,,,
3458,"АКЦИОНЕРНОЕ ОБЩЕСТВО ""БАШКИРСКОЕ ПРОИЗВОДСТВЕННОЕ ОБЪЕДИНЕНИЕ ""ПРОГРЕСС""","АО ""БПО ""ПРОГРЕСС""",0275076276,1120280004888,https://war-sanctions.gur.gov.ua/ru/rostec/3458,1843,matched_name_and_website,1863440,https://hh.ru/employer/1863440,
3616,"ОБЩЕСТВО С ОГРАНИЧЕННОЙ ОТВЕТСТВЕННОСТЬЮ ""РЕЛЕВАНТНЫЕ ГЕОИНФОРМАЦИОННЫЕ ТЕХНОЛОГИИ""","ООО ""РГТ""",9709014842,5177746133670,https://war-sanctions.gur.gov.ua/ru/rostec/3616,1843,unresolved,,,
3459,"АКЦИОНЕРНОЕ ОБЩЕСТВО ""НАУЧНО-ПРОИЗВОДСТВЕННОЕ ПРЕДПРИЯТИЕ ""СИГНАЛ""","АО ""НПП ""СИГНАЛ""",7811511866,1127847050385,https://war-sanctions.gur.gov.ua/ru/rostec/3459,1843,unresolved,,,
3464,"АКЦИОНЕРНОЕ ОБЩЕСТВО ""ПЕНЗЕНСКОЕ ПРОИЗВОДСТВЕННОЕ ОБЪЕДИНЕНИЕ ""ЭЛЕКТРОПРИБОР""","АО ""ПО ""ЭЛЕКТРОПРИБОР""",5835094992,1125835000170,https://war-sanctions.gur.gov.ua/ru/rostec/3464,1843,unresolved,,,
3463,"АКЦИОНЕРНОЕ ОБЩЕСТВО ""ПЕНЗЕНСКИЙ НАУЧНО-ИССЛЕДОВАТЕЛЬСКИЙ ЭЛЕКТРОТЕХНИЧЕСКИЙ ИНСТИТУТ""","АО ""ПНИЭИ""",5836649358,1115836009255,https://war-sanctions.gur.gov.ua/ru/rostec/3463,1843,unresolved,,,
3460,"АКЦИОНЕРНОЕ ОБЩЕСТВО ""САМАРСКОЕ ИННОВАЦИОННОЕ ПРЕДПРИЯТИЕ РАДИОСИСТЕМ""","АО ""СИП РС""",6319222834,1176313097290,https://war-sanctions.gur.gov.ua/ru/rostec/3460,1843,unresolved,,,
3484,"АКЦИОНЕРНОЕ ОБЩЕСТВО ""НАУЧНО-ИССЛЕДОВАТЕЛЬСКИЙ ИНСТИТУТ ""МАСШТАБ""","АО ""НИИ ""МАСШТАБ""",7802777108,1127847056303,https://war-sanctions.gur.gov.ua/ru/rostec/3484,1843,matched_name_and_website,841097,https://hh.ru/employer/841097,
16306,"ОБЩЕСТВО С ОГРАНИЧЕННОЙ ОТВЕТСТВЕННОСТЬЮ ""СМАРТЭКОСИСТЕМА""","ООО ""СМАРТЭКОСИСТЕМА""",7703474494,1197746264594,https://war-sanctions.gur.gov.ua/ru/rostec/16306,3484,unresolved,,,
3457,"АКЦИОНЕРНОЕ ОБЩЕСТВО ""КАЛУГАПРИБОР""","АО ""КАЛУГАПРИБОР""",4028050231,1114028003616,https://war-sanctions.gur.gov.ua/ru/rostec/3457,1843,unresolved,,,
16305,"УЧРЕЖДЕНИЕ ЗДРАВООХРАНЕНИЯ ""МЕДИКО-САНИТАРНАЯ ЧАСТЬ №2 Г. КАЛУГИ""",УЗ МЕДСАНЧАСТЬ №2 Г. КАЛУГИ,4028011063,1024001340747,https://war-sanctions.gur.gov.ua/ru/rostec/16305,3457,unresolved,,,
3617,"АКЦИОНЕРНОЕ ОБЩЕСТВО ""КОНЦЕРН РАДИОСТРОЕНИЯ ""ВЕГА""","АО ""КОНЦЕРН ""ВЕГА""",7730170167,1037730020844,https://war-sanctions.gur.gov.ua/ru/rostec/3617,542,unresolved,,,
3622,"АКЦИОНЕРНОЕ ОБЩЕСТВО ""СПЕЦИАЛЬНОЕ КОНСТРУКТОРСКОЕ БЮРО ""ТОПАЗ""","АО ""СКБ ""ТОПАЗ""",7726336331,1047726018559,https://war-sanctions.gur.gov.ua/ru/rostec/3622,3617,unresolved,,,
2502,"АКЦИОНЕРНОЕ ОБЩЕСТВО ""НАУЧНО-ИССЛЕДОВАТЕЛЬСКИЙ ИНСТИТУТ ""АРГОН""","АО ""НИИ ""АРГОН""",7726694231,1127746234153,https://war-sanctions.gur.gov.ua/ru/rostec/2502,3617,unresolved,,,
3626,"ПУБЛИЧНОЕ АКЦИОНЕРНОЕ ОБЩЕСТВО ""КОВЫЛКИНСКИЙ ЭЛЕКТРОМЕХАНИЧЕСКИЙ ЗАВОД""","ПАО ""КЭМЗ""",1323010103,1021300885869,https://war-sanctions.gur.gov.ua/ru/rostec/3626,3617,unresolved,,,
3624,"АКЦИОНЕРНОЕ ОБЩЕСТВО ""НАУЧНО-ПРОИЗВОДСТВЕННОЕ ПРЕДПРИЯТИЕ ""ИНТЕГРАЛ-В""","АО ""НПП ""ИНТЕГРАЛ-В""",7813397637,1079847100200,https://war-sanctions.gur.gov.ua/ru/rostec/3624,3617,unresolved,,,
3623,"АКЦИОНЕРНОЕ ОБЩЕСТВО ""ЗАВОД ""ЭНЕРГИЯ""","АО ""ЗАВОД ""ЭНЕРГИЯ""",7813478734,1107847263017,https://war-sanctions.gur.gov.ua/ru/rostec/3623,3617,unresolved,,,
3625,"АКЦИОНЕРНОЕ ОБЩЕСТВО ""РЫБИНСКИЙ ЗАВОД ПРИБОРОСТРОЕНИЯ""","АО ""РЗП""",7610062970,1047601614081,https://war-sanctions.gur.gov.ua/ru/rostec/3625,3617,unresolved,,,
681,"АКЦИОНЕРНОЕ ОБЩЕСТВО ""НАУЧНО-ПРОИЗВОДСТВЕННОЕ ПРЕДПРИЯТИЕ ""РУБИН""","АО ""НПП ""РУБИН""",5835049453,1035802518531,https://war-sanctions.gur.gov.ua/ru/rostec/681,3617,unresolved,,,
2477,"АКЦИОНЕРНОЕ ОБЩЕСТВО ""НАУЧНО-ИССЛЕДОВАТЕЛЬСКИЙ ИНСТИТУТ ""КУЛОН""","АО ""НИИ ""КУЛОН""",7717149279,1047717004510,https://war-sanctions.gur.gov.ua/ru/rostec/2477,3617,unresolved,,,
2480,"АКЦИОНЕРНОЕ ОБЩЕСТВО ""МОСКОВСКИЙ НАУЧНО-ИССЛЕДОВАТЕЛЬСКИЙ ИНСТИТУТ СВЯЗИ""","АО ""МНИИС""",7726336229,1047709044844,https://war-sanctions.gur.gov.ua/ru/rostec/2480,3617,unresolved,,,
2461,"АКЦИОНЕРНОЕ ОБЩЕСТВО ""НАУЧНО-ИССЛЕДОВАТЕЛЬСКИЙ ЦЕНТР ЭЛЕКТРОННОЙ ВЫЧИСЛИТЕЛЬНОЙ ТЕХНИКИ""","АО ""НИЦЭВТ""",7726019325,1027700015298,https://war-sanctions.gur.gov.ua/ru/rostec/2461,3617,matched_name_and_website,2783,https://hh.ru/employer/2783,
16303,"ОБЩЕСТВО С ОГРАНИЧЕННОЙ ОТВЕТСТВЕННОСТЬЮ ""НИЦЭВТ-ЭНЕРГО""","ООО ""НИЦЭВТ-ЭНЕРГО""",7726697521,1127746400759,https://war-sanctions.gur.gov.ua/ru/rostec/16303,2461,unresolved,,,
2476,"АКЦИОНЕРНОЕ ОБЩЕСТВО ""КАЛУЖСКИЙ НАУЧНО-ИССЛЕДОВАТЕЛЬСКИЙ ИНСТИТУТ ТЕЛЕМЕХАНИЧЕСКИХ УСТРОЙСТВ""","АО ""КНИИТМУ""",4027100480,1104027002694,https://war-sanctions.gur.gov.ua/ru/rostec/2476,3617,matched_name_and_website,2759641,https://hh.ru/employer/2759641,
16302,"АВТОНОМНАЯ НЕКОММЕРЧЕСКАЯ ОРГАНИЗАЦИЯ ""НАУЧНО-ПРОИЗВОДСТВЕННЫЙ ЦЕНТР БЕСПИЛОТНЫХ АВИАЦИОННЫХ СИСТЕМ КАЛУЖСКОЙ ОБЛАСТИ""","АНО ""НПЦ КОЛЫБЕЛЬ БАС КАЛУЖСКОЙ ОБЛАСТИ""",4000018911,1244000009285,https://war-sanctions.gur.gov.ua/ru/rostec/16302,2476,unresolved,,,
428,"АКЦИОНЕРНОЕ ОБЩЕСТВО ""НАУЧНО-ИССЛЕДОВАТЕЛЬСКИЙ ИНСТИТУТ ""ВЕКТОР""","АО ""НИИ ""ВЕКТОР""",7813491943,1117847020400,https://war-sanctions.gur.gov.ua/ru/rostec/428,3617,matched_name_and_website,990888,https://hh.ru/employer/990888,
16301,"ОБЩЕСТВО С ОГРАНИЧЕННОЙ ОТВЕТСТВЕННОСТЬЮ ""ЦЕНТР ЭКОЛОГИЧЕСКИХ ТЕХНОЛОГИЙ ""ВЕКТОР""","ООО ""ЦЭТВ""",7813285683,1177847272184,https://war-sanctions.gur.gov.ua/ru/rostec/16301,428,unresolved,,,
16287,"АКЦИОНЕРНОЕ ОБЩЕСТВО ""НАУЧНО-ИССЛЕДОВАТЕЛЬСКИЙ ИНСТИТУТ РАДИОКОМПОНЕНТОВ""","АО ""НИИРК""",7710070622,1027700260796,https://war-sanctions.gur.gov.ua/ru/rostec/16287,542,unresolved,,,
16300,"ОБЩЕСТВО С ОГРАНИЧЕННОЙ ОТВЕТСТВЕННОСТЬЮ ""РК-РАЗВИТИЕ""","ООО ""РК-РАЗВИТИЕ""",7710563353,1047796853268,https://war-sanctions.gur.gov.ua/ru/rostec/16300,16287,unresolved,,,
3609,"АКЦИОНЕРНОЕ ОБЩЕСТВО ""ЦЕНТРАЛЬНЫЙ НАУЧНО-ИССЛЕДОВАТЕЛЬСКИЙ ТЕХНОЛОГИЧЕСКИЙ ИНСТИТУТ ""ТЕХНОМАШ""","АО ""ЦНИТИ ""ТЕХНОМАШ""",7731014611,1027739015853,https://war-sanctions.gur.gov.ua/ru/rostec/3609,542,matched_name_and_website,12933277,https://hh.ru/employer/12933277,
16298,"ОБЩЕСТВО С ОГРАНИЧЕННОЙ ОТВЕТСТВЕННОСТЬЮ ""РЭ-ТЕХНОЛОГИИ""","ООО ""РЭ-ТЕХНОЛОГИИ""",9731001422,1187746455863,https://war-sanctions.gur.gov.ua/ru/rostec/16298,3609,unresolved,,,
1699,"АКЦИОНЕРНОЕ ОБЩЕСТВО ""РОССИЙСКИЙ НАУЧНО-ИССЛЕДОВАТЕЛЬСКИЙ ИНСТИТУТ ""ЭЛЕКТРОНСТАНДАРТ""","АО ""РНИИ ""ЭЛЕКТРОНСТАНДАРТ""",7810196298,1027804880135,https://war-sanctions.gur.gov.ua/ru/rostec/1699,542,matched_name_and_website,141915,https://hh.ru/employer/141915,
16295,"АКЦИОНЕРНОЕ ОБЩЕСТВО ""НАУЧНО-ПРОИЗВОДСТВЕННОЕ ПРЕДПРИЯТИЕ ""ЭЛЕКТРОНСТАНДАРТ""","АО ""НПП ""ЭЛЕКТРОНСТАНДАРТ""",7810098300,1077847356784,https://war-sanctions.gur.gov.ua/ru/rostec/16295,1699,unresolved,,,
332,"АКЦИОНЕРНОЕ ОБЩЕСТВО ""ЦЕНТРАЛЬНЫЙ НАУЧНО-ИССЛЕДОВАТЕЛЬСКИЙ ИНСТИТУТ ""ЦИКЛОН""","АО ""ЦНИИ ""ЦИКЛОН""",7718159209,1027700223352,https://war-sanctions.gur.gov.ua/ru/rostec/332,542,unresolved,,,
8956,"ОБЩЕСТВО С ОГРАНИЧЕННОЙ ОТВЕТСТВЕННОСТЬЮ ""ТЕХНОЛОГИИ ОРГАНИЧЕСКОЙ И ПЕЧАТНОЙ ЭЛЕКТРОНИКИ""","ООО ""ТОПЭ""",7718809369,1107746454749,https://war-sanctions.gur.gov.ua/ru/rostec/8956,332,unresolved,,,
3629,"АКЦИОНЕРНОЕ ОБЩЕСТВО ""ЦЕНТРАЛЬНЫЙ НАУЧНО-ИССЛЕДОВАТЕЛЬСКИЙ ИНСТИТУТ ""ЭЛЕКТРОН""","АО ""ЦНИИ ""ЭЛЕКТРОН""",7802144666,1027801538192,https://war-sanctions.gur.gov.ua/ru/rostec/3629,542,matched_name_and_website,534827,https://hh.ru/employer/534827,
16294,"ОБЩЕСТВО С ОГРАНИЧЕННОЙ ОТВЕТСТВЕННОСТЬЮ ""ЭЛЕКТРОН-КОМПЛЕКТ""","ООО ""ЭЛЕКТРОН-КОМПЛЕКТ""",7802810059,1127847663998,https://war-sanctions.gur.gov.ua/ru/rostec/16294,3629,unresolved,,,
2494,"АКЦИОНЕРНОЕ ОБЩЕСТВО ""НАУЧНО-ПРОИЗВОДСТВЕННОЕ ПРЕДПРИЯТИЕ ""АЛМАЗ""","АО ""НПП ""АЛМАЗ""",6453119615,1116453009155,https://war-sanctions.gur.gov.ua/ru/rostec/2494,542,unresolved,,,
3628,"АКЦИОНЕРНОЕ ОБЩЕСТВО ""НАУЧНО-ПРОИЗВОДСТВЕННОЕ ПРЕДПРИЯТИЕ ""КОНТАКТ""","АО ""НПП ""КОНТАКТ""",6453097665,1086453000567,https://war-sanctions.gur.gov.ua/ru/rostec/3628,2494,unresolved,,,
3565,"АКЦИОНЕРНОЕ ОБЩЕСТВО ""НАУЧНО-ПРОИЗВОДСТВЕННОЕ ПРЕДПРИЯТИЕ ""ПУЛЬСАР""","АО ""НПП ""ПУЛЬСАР""",7719846490,1137746472599,https://war-sanctions.gur.gov.ua/ru/rostec/3565,542,matched_name_and_website,1460675,https://hh.ru/employer/1460675,
3627,"АКЦИОНЕРНОЕ ОБЩЕСТВО ""НАУЧНО-ТЕХНИЧЕСКИЙ ЦЕНТР СОВРЕМЕННЫХ НАВИГАЦИОННЫХ ТЕХНОЛОГИЙ ""ИНТЕРНАВИГАЦИЯ""","АО ""НТЦ ""ИНТЕРНАВИГАЦИЯ""",7709877563,1117746369531,https://war-sanctions.gur.gov.ua/ru/rostec/3627,3565,unresolved,,,
3576,"АКЦИОНЕРНОЕ ОБЩЕСТВО ""ОРДЕНА ТРУДОВОГО КРАСНОГО ЗНАМЕНИ НАУЧНО-ИССЛЕДОВАТЕЛЬСКИЙ ИНСТИТУТ АВТОМАТИЧЕСКОЙ АППАРАТУРЫ ИМ. АКАДЕМИКА В.С. СЕМЕНИХИНА""","АО ""НИИАА""",7728795443,1127746009500,https://war-sanctions.gur.gov.ua/ru/rostec/3576,167,unresolved,,,
2504,"АКЦИОНЕРНОЕ ОБЩЕСТВО ""НАУЧНО-ИССЛЕДОВАТЕЛЬСКИЙ ИНСТИТУТ АВТОМАТИЗИРОВАННЫХ СИСТЕМ И КОМПЛЕКСОВ СВЯЗИ ""НЕПТУН""","АО ""НИИ ""НЕПТУН""",7801563590,1117847613267,https://war-sanctions.gur.gov.ua/ru/rostec/2504,3576,unresolved,,,
2493,"АКЦИОНЕРНОЕ ОБЩЕСТВО ""НАУЧНО-ПРОИЗВОДСТВЕННЫЙ ЦЕНТР ""ВИГСТАР""","АО ""НПЦ ""ВИГСТАР""",7726687555,1117746976379,https://war-sanctions.gur.gov.ua/ru/rostec/2493,3576,matched_name_and_website,2005152,https://hh.ru/employer/2005152,
3578,"АКЦИОНЕРНОЕ ОБЩЕСТВО ""НАУЧНО-ИССЛЕДОВАТЕЛЬСКИЙ ИНСТИТУТ ИНФОРМАЦИОННЫХ ТЕХНОЛОГИЙ""","АО ""НИИИТ""",6950145750,1126952002825,https://war-sanctions.gur.gov.ua/ru/rostec/3578,3576,matched_name_and_website,638724,https://hh.ru/employer/638724,
3582,"АКЦИОНЕРНОЕ ОБЩЕСТВО ""НАУЧНО-ПРОИЗВОДСТВЕННОЕ ПРЕДПРИЯТИЕ ""ПОЛЕТ""","АО ""НПП ""ПОЛЕТ""",5258100129,1115258007688,https://war-sanctions.gur.gov.ua/ru/rostec/3582,3576,unresolved,,,
3577,"АКЦИОНЕРНОЕ ОБЩЕСТВО ""СИСТЕМЫ УПРАВЛЕНИЯ""","АО ""СИСТЕМЫ УПРАВЛЕНИЯ""",7728767728,1117746223858,https://war-sanctions.gur.gov.ua/ru/rostec/3577,3576,matched_name_and_website,1793222,https://hh.ru/employer/1793222,
3581,"АКЦИОНЕРНОЕ ОБЩЕСТВО ""КИМОВСКИЙ РАДИОЭЛЕКТРОМЕХАНИЧЕСКИЙ ЗАВОД""","АО ""КРЭМЗ""",7115501221,1127154000797,https://war-sanctions.gur.gov.ua/ru/rostec/3581,3576,unresolved,,,
1701,"АКЦИОНЕРНОЕ ОБЩЕСТВО ""ОСОБОЕ КОНСТРУКТОРСКОЕ БЮРО ""САЛЮТ""","АО ""ОКБ ""САЛЮТ""",5402512720,1095402006820,https://war-sanctions.gur.gov.ua/ru/rostec/1701,3576,unresolved,,,
2484,"АКЦИОНЕРНОЕ ОБЩЕСТВО ""ОМСКИЙ НАУЧНО-ИССЛЕДОВАТЕЛЬСКИЙ ИНСТИТУТ ПРИБОРОСТРОЕНИЯ""","АО ""ОНИИП""",5506218498,1115543024574,https://war-sanctions.gur.gov.ua/ru/rostec/2484,3576,unresolved,,,
2472,"ПУБЛИЧНОЕ АКЦИОНЕРНОЕ ОБЩЕСТВО ""ИНФОРМАЦИОННЫЕ ТЕЛЕКОММУНИКАЦИОННЫЕ ТЕХНОЛОГИИ""","ПАО ""ИНТЕЛТЕХ""",7802030605,1027801525608,https://war-sanctions.gur.gov.ua/ru/rostec/2472,3576,unresolved,,,
3579,"АКЦИОНЕРНОЕ ОБЩЕСТВО ""НАУЧНО-ПРОИЗВОДСТВЕННОЕ ОБЪЕДИНЕНИЕ ""ИМПУЛЬС""","АО ""НПО ""ИМПУЛЬС""",7804478424,1127847076202,https://war-sanctions.gur.gov.ua/ru/rostec/3579,3576,unresolved,,,
16293,"ОБЩЕСТВО С ОГРАНИЧЕННОЙ ОТВЕТСТВЕННОСТЬЮ ""САНКТ-ПЕТЕРБУРГСКИЙ РЕГИОНАЛЬНЫЙ ЦЕНТР ЗАЩИТЫ ИНФОРМАЦИИ""","ООО ""СПБ РЦЗИ""",7804541789,1147847340453,https://war-sanctions.gur.gov.ua/ru/rostec/16293,3579,unresolved,,,
4635,"АКЦИОНЕРНОЕ ОБЩЕСТВО ""ШВАБЕ""","АО ""ШВАБЕ""",7717671799,1107746256727,https://war-sanctions.gur.gov.ua/ru/rostec/4635,16,unresolved,,,
15975,"АКЦИОНЕРНОЕ ОБЩЕСТВО ""ШВАБЕ-МЕДИЦИНСКАЯ КОМПАНИЯ""","АО ""ШВАБЕ-МЕДИЦИНСКАЯ КОМПАНИЯ""",9717069958,1187746722228,https://war-sanctions.gur.gov.ua/ru/rostec/15975,4635,unresolved,,,
3482,"АКЦИОНЕРНОЕ ОБЩЕСТВО ""НАУЧНО-ПРОИЗВОДСТВЕННОЕ ОБЪЕДИНЕНИЕ ""ГОСУДАРСТВЕННЫЙ ИНСТИТУТ ПРИКЛАДНОЙ ОПТИКИ""","АО ""НПО ГИПО""",1660147185,1101690067104,https://war-sanctions.gur.gov.ua/ru/rostec/3482,4635,unresolved,,,
15974,"ОБЩЕСТВО С ОГРАНИЧЕННОЙ ОТВЕТСТВЕННОСТЬЮ ""РТ-ФОТОНИКА""","ООО ""РТ-ФОТОНИКА""",9717104472,1217700352396,https://war-sanctions.gur.gov.ua/ru/rostec/15974,4635,unresolved,,,
15973,"ОБЩЕСТВО С ОГРАНИЧЕННОЙ ОТВЕТСТВЕННОСТЬЮ ""ШВАБЕ-КАРБОН""","ООО ""ШВАБЕ-КАРБОН""",7728378489,1177746923804,https://war-sanctions.gur.gov.ua/ru/rostec/15973,4635,unresolved,,,
15970,"ОБЩЕСТВО С ОГРАНИЧЕННОЙ ОТВЕТСТВЕННОСТЬЮ ""ШВАБЕ-МОСКВА""","ООО ""ШВАБЕ-МОСКВА""",7717768215,5137746066740,https://war-sanctions.gur.gov.ua/ru/rostec/15970,4635,unresolved,,,
3478,"АКЦИОНЕРНОЕ ОБЩЕСТВО ""ЛЫТКАРИНСКИЙ ЗАВОД ОПТИЧЕСКОГО СТЕКЛА""","АО ""ЛЗОС""",5026000300,1025003178397,https://war-sanctions.gur.gov.ua/ru/rostec/3478,4635,matched_name_and_website,3372811,https://hh.ru/employer/3372811,
3477,"АКЦИОНЕРНОЕ ОБЩЕСТВО ""МОСКОВСКИЙ ЗАВОД ""САПФИР""","АО ""МЗ ""САПФИР""",7726014172,1027700508560,https://war-sanctions.gur.gov.ua/ru/rostec/3477,4635,unresolved,,,
149,"АКЦИОНЕРНОЕ ОБЩЕСТВО ""НАУЧНО-ИССЛЕДОВАТЕЛЬСКИЙ ИНСТИТУТ ""ПОЛЮС"" ИМ. М.Ф. СТЕЛЬМАХА""","АО ""НИИ ""ПОЛЮС"" ИМ. М.Ф. СТЕЛЬМАХА""",7728816598,1127746646510,https://war-sanctions.gur.gov.ua/ru/rostec/149,4635,matched_name_and_website,4279443,https://hh.ru/employer/4279443,
1920,"АКЦИОНЕРНОЕ ОБЩЕСТВО ""НОВОСИБИРСКИЙ ПРИБОРОСТРОИТЕЛЬНЫЙ ЗАВОД""","АО ""НПЗ""",5402534361,1115476008889,https://war-sanctions.gur.gov.ua/ru/rostec/1920,4635,unresolved,,,
3475,"АКЦИОНЕРНОЕ ОБЩЕСТВО ""НПО ""ОРИОН""","АО ""НПО ""ОРИОН""",7720770380,1127747292738,https://war-sanctions.gur.gov.ua/ru/rostec/3475,4635,matched_name_and_website,2678572,https://hh.ru/employer/2678572,
3528,"АКЦИОНЕРНОЕ ОБЩЕСТВО ""ЦЕНТРАЛЬНОЕ КОНСТРУКТОРСКОЕ БЮРО ""ФОТОН""","АО ""ЦКБ ""ФОТОН""",1660141553,1101690036843,https://war-sanctions.gur.gov.ua/ru/rostec/3528,4635,unresolved,,,
3481,"АКЦИОНЕРНОЕ ОБЩЕСТВО ""НАУЧНО-ПРОИЗВОДСТВЕННОЕ ОБЪЕДИНЕНИЕ ""ГОСУДАРСТВЕННЫЙ ОПТИЧЕСКИЙ ИНСТИТУТ ИМ. С.И. ВАВИЛОВА""","АО ""НПО ""ГОИ ИМ. С.И. ВАВИЛОВА""",7811483834,1117847038121,https://war-sanctions.gur.gov.ua/ru/rostec/3481,4635,unresolved,,,
15952,"ОБЩЕСТВО С ОГРАНИЧЕННОЙ ОТВЕТСТВЕННОСТЬЮ ""ШВАБЕ-МЕДИА""","ООО ""ШВАБЕ-МЕДИА""",6685045836,1136685027907,https://war-sanctions.gur.gov.ua/ru/rostec/15952,4635,unresolved,,,
3479,"АКЦИОНЕРНОЕ ОБЩЕСТВО ""ГЕРМАНИЙ""","АО ""ГЕРМАНИЙ""",2462214466,1102468060155,https://war-sanctions.gur.gov.ua/ru/rostec/3479,4635,unresolved,,,
15951,"АВТОНОМНАЯ НЕКОММЕРЧЕСКАЯ ОРГАНИЗАЦИЯ ""КОНСОРЦИУМ ""МЕДИЦИНСКАЯ ТЕХНИКА""","АНО ""КОНСОРЦИУМ ""МТ""",9717094665,1207700337261,https://war-sanctions.gur.gov.ua/ru/rostec/15951,4635,unresolved,,,
15972,"ОБЩЕСТВО С ОГРАНИЧЕННОЙ ОТВЕТСТВЕННОСТЬЮ ""СПЕЦИАЛИЗИРОВАННАЯ ОРГАНИЗАЦИЯ МЕДИКО-ТЕХНИЧЕСКОГО ПРОМЫШЛЕННОГО КЛАСТЕРА""","ООО ""СО МТПК""",7735202503,1237700955557,https://war-sanctions.gur.gov.ua/ru/rostec/15972,15951,unresolved,,,
15950,"ОБЩЕСТВО С ОГРАНИЧЕННОЙ ОТВЕТСТВЕННОСТЬЮ ""СПЕЦДОРПРОЕКТ""","ООО ""СПЕЦДОРПРОЕКТ""",7724305345,1157746107936,https://war-sanctions.gur.gov.ua/ru/rostec/15950,4635,unresolved,,,
15971,"ОБЩЕСТВО С ОГРАНИЧЕННОЙ ОТВЕТСТВЕННОСТЬЮ ""МЕГАПОЛИС ИНФОРМАЦИОННЫЕ ТЕХНОЛОГИИ""","ООО ""МЕГАПОЛИС ИТ""",7734441107,1217700108526,https://war-sanctions.gur.gov.ua/ru/rostec/15971,15950,matched_name_and_website,2664870,https://hh.ru/employer/2664870,
1844,"АКЦИОНЕРНОЕ ОБЩЕСТВО ""ЗАГОРСКИЙ ОПТИКО-МЕХАНИЧЕСКИЙ ЗАВОД""","АО ""ЗОМЗ""",5042010793,1025005326202,https://war-sanctions.gur.gov.ua/ru/rostec/1844,4635,unresolved,,,
15969,"АКЦИОНЕРНОЕ ОБЩЕСТВО ""ЗОМЗ-ПЛЮС""","АО ""ЗОМЗ-ПЛЮС""",5042047539,1025005326235,https://war-sanctions.gur.gov.ua/ru/rostec/15969,1844,unresolved,,,
15968,"АКЦИОНЕРНОЕ ОБЩЕСТВО ""ТЕХНО""","АО ""ТЕХНО""",5042080494,1055008006206,https://war-sanctions.gur.gov.ua/ru/rostec/15968,1844,unresolved,,,
15967,"АКЦИОНЕРНОЕ ОБЩЕСТВО ""СЕВЕРНАЯ ТЕПЛОЭНЕРГЕТИЧЕСКАЯ КОМПАНИЯ""","АО ""СТЭК""",5042080504,1055008006217,https://war-sanctions.gur.gov.ua/ru/rostec/15967,1844,unresolved,,,
637,"ПУБЛИЧНОЕ АКЦИОНЕРНОЕ ОБЩЕСТВО ""КРАСНОГОРСКИЙ ЗАВОД ИМ. С.А. ЗВЕРЕВА""","ПАО ""КМЗ""",5024022965,1025002863247,https://war-sanctions.gur.gov.ua/ru/rostec/637,4635,unresolved,,,
15966,"ЧАСТНОЕ ОБЩЕОБРАЗОВАТЕЛЬНОЕ УЧРЕЖДЕНИЕ ""МЕЖДУНАРОДНЫЙ ЛИЦЕЙ ИНФОРМАТИКИ, ЭКОНОМИКИ И ПРАВА""",ЧОУ МЛИЭП,5024030740,1025002878207,https://war-sanctions.gur.gov.ua/ru/rostec/15966,637,unresolved,,,
15965,"АКЦИОНЕРНОЕ ОБЩЕСТВО ""ЗЕНИТ-ИНВЕСТПРОМ""","АО ""ЗЕНИТ-ИНВЕСТПРОМ""",5024092151,1075024009422,https://war-sanctions.gur.gov.ua/ru/rostec/15965,637,unresolved,,,
639,"АКЦИОНЕРНОЕ ОБЩЕСТВО ""КРАСНОГОРСКИЙ ЗАВОД. ЗЕНИТ-ТЕХСЕРВИС""","АО ""ЗЕНИТ-ТЕХСЕРВИС""",5024040072,1025002882850,https://war-sanctions.gur.gov.ua/ru/rostec/639,637,unresolved,,,
4665,"АКЦИОНЕРНОЕ ОБЩЕСТВО ""НАУЧНО-ПРОИЗВОДСТВЕННОЕ ОБЪЕДИНЕНИЕ ""ОПТИКА""","АО ""НПО ""ОПТИКА""",7715909132,1127746188536,https://war-sanctions.gur.gov.ua/ru/rostec/4665,4635,unresolved,,,
15964,"ОБЩЕСТВО С ОГРАНИЧЕННОЙ ОТВЕТСТВЕННОСТЬЮ ""ШВАБЕ-СИСТЕМЫ""","ООО ""ШВАБЕ-СИСТЕМЫ""",9717098035,1217700012881,https://war-sanctions.gur.gov.ua/ru/rostec/15964,4665,unresolved,,,
15963,"ОБЩЕСТВО С ОГРАНИЧЕННОЙ ОТВЕТСТВЕННОСТЬЮ ""СИСТЕМА БТ""","ООО ""СИСТЕМА БТ""",9717116319,1227700369401,https://war-sanctions.gur.gov.ua/ru/rostec/15963,4665,unresolved,,,
12731,"АКЦИОНЕРНОЕ ОБЩЕСТВО ""ОПТИКО-МЕХАНИЧЕСКОЕ КОНСТРУКТОРСКОЕ БЮРО ""АСТРОН""","АО ""ОКБ ""АСТРОН""",5027224977,1155027001690,https://war-sanctions.gur.gov.ua/ru/rostec/12731,4635,matched_name_and_website,3745329,https://hh.ru/employer/3745329,
12732,"ОБЩЕСТВО С ОГРАНИЧЕННОЙ ОТВЕТСТВЕННОСТЬЮ ""ОПЫТНО-КОНСТРУКТОРСКОЕ БЮРО ""СОКОЛ""","ООО ""ОКБ СОКОЛ""",9723163892,1227700478587,https://war-sanctions.gur.gov.ua/ru/rostec/12732,12731,unresolved,,,
14042,"ОБЩЕСТВО С ОГРАНИЧЕННОЙ ОТВЕТСТВЕННОСТЬЮ ""МАППЕР""","ООО ""МАППЕР""",7743859476,1127746548126,https://war-sanctions.gur.gov.ua/ru/rostec/14042,12731,unresolved,,,
14011,"ОБЩЕСТВО С ОГРАНИЧЕННОЙ ОТВЕТСТВЕННОСТЬЮ ""АСТРОН АЭРО""","ООО ""АСТРОН АЭРО""",5027238514,1165027052431,https://war-sanctions.gur.gov.ua/ru/rostec/14011,12731,unresolved,,,
649,"АКЦИОНЕРНОЕ ОБЩЕСТВО ""ВОЛОГОДСКИЙ ОПТИКО-МЕХАНИЧЕСКИЙ ЗАВОД""","АО ""ВОМЗ""",3525023010,1023500882437,https://war-sanctions.gur.gov.ua/ru/rostec/649,4635,unresolved,,,
15962,"ЧАСТНОЕ ОБРАЗОВАТЕЛЬНОЕ УЧРЕЖДЕНИЕ ДОПОЛНИТЕЛЬНОГО ПРОФЕССИОНАЛЬНОГО ОБРАЗОВАНИЯ ""НАУЧНО-ИНФОРМАЦИОННЫЙ ЦЕНТР ПРОБЛЕМ БЕЗОПАСНОСТИ""","ЧОУ ""НИЦ ПБ""",3525155867,1053500122345,https://war-sanctions.gur.gov.ua/ru/rostec/15962,649,unresolved,,,
3367,"АКЦИОНЕРНОЕ ОБЩЕСТВО ""ПРОИЗВОДСТВЕННОЕ ОБЪЕДИНЕНИЕ ""УРАЛЬСКИЙ ОПТИКО-МЕХАНИЧЕСКИЙ ЗАВОД"" ИМЕНИ Э.С. ЯЛАМОВА""","АО ""ПО ""УОМЗ""",6672315362,1106672007738,https://war-sanctions.gur.gov.ua/ru/rostec/3367,4635,unresolved,,,
15976,"ОБЩЕСТВО С ОГРАНИЧЕННОЙ ОТВЕТСТВЕННОСТЬЮ ""ШВАБЕ"" (МИНСК)","ООО ""ШВАБЕ"" (МИНСК)",,,https://war-sanctions.gur.gov.ua/ru/rostec/15976,3367,unresolved,,,
15961,"ЧАСТНОЕ ДОШКОЛЬНОЕ ОБРАЗОВАТЕЛЬНОЕ УЧРЕЖДЕНИЕ ""ДЕТСКИЙ САД ""ШВАБЕ-ЭВРИКА""","ДЕТСКИЙ САД ""ШВАБЕ-ЭВРИКА""",6672323290,1106600003729,https://war-sanctions.gur.gov.ua/ru/rostec/15961,3367,unresolved,,,
15960,"ЧАСТНОЕ ДОШКОЛЬНОЕ ОБРАЗОВАТЕЛЬНОЕ УЧРЕЖДЕНИЕ ""ДЕТСКИЙ САД ""ШВАБЕ-ЭРУДИТ""","ДЕТСКИЙ САД ""ШВАБЕ-ЭРУДИТ""",6672323204,1106600003652,https://war-sanctions.gur.gov.ua/ru/rostec/15960,3367,unresolved,,,
15959,"ЧАСТНОЕ УЧРЕЖДЕНИЕ ""СПОРТИВНЫЙ КОМПЛЕКС ""ЛУЧ""","ЧУ ""СПОРТИВНЫЙ КОМПЛЕКС ""ЛУЧ""",6685121131,1169600003253,https://war-sanctions.gur.gov.ua/ru/rostec/15959,3367,unresolved,,,
15958,"ОБЩЕСТВО С ОГРАНИЧЕННОЙ ОТВЕТСТВЕННОСТЬЮ ""ШВАБЕ-СИБИРЬ""","ООО ""ШВАБЕ-СИБИРЬ""",5402570930,1135476183864,https://war-sanctions.gur.gov.ua/ru/rostec/15958,3367,unresolved,,,
15957,"ОБЩЕСТВО С ОГРАНИЧЕННОЙ ОТВЕТСТВЕННОСТЬЮ ""ШВАБЕ-РОСТОВ-НА-ДОНУ""","ООО ""ШВАБЕ-РОСТОВ-НА-ДОНУ""",6163132766,1136195011314,https://war-sanctions.gur.gov.ua/ru/rostec/15957,3367,unresolved,,,
15956,"ОБЩЕСТВО С ОГРАНИЧЕННОЙ ОТВЕТСТВЕННОСТЬЮ ""ШВАБЕ-КОМБИНАТ ПИТАНИЯ""","ООО ""ШВАБЕ-КОМБИНАТ ПИТАНИЯ""",6672336228,1116672007220,https://war-sanctions.gur.gov.ua/ru/rostec/15956,3367,unresolved,,,
15955,"ОБЩЕСТВО С ОГРАНИЧЕННОЙ ОТВЕТСТВЕННОСТЬЮ ""ШВАБЕ-ПОВОЛЖЬЕ""","ООО ""ШВАБЕ-ПОВОЛЖЬЕ""",1660195319,1141690000253,https://war-sanctions.gur.gov.ua/ru/rostec/15955,3367,unresolved,,,
15954,"ОБЩЕСТВО С ОГРАНИЧЕННОЙ ОТВЕТСТВЕННОСТЬЮ ""ШВАБЕ-СЕВЕРО-ЗАПАД""","ООО ""ШВАБЕ-СЕВЕРО-ЗАПАД""",7801618930,1137847492518,https://war-sanctions.gur.gov.ua/ru/rostec/15954,3367,unresolved,,,
15953,"ОБЩЕСТВО С ОГРАНИЧЕННОЙ ОТВЕТСТВЕННОСТЬЮ ""ШВАБЕ-УРАЛ""","ООО ""ШВАБЕ-УРАЛ""",6685045931,1136685028006,https://war-sanctions.gur.gov.ua/ru/rostec/15953,3367,unresolved,,,
12221,"SHVABE OPTO-ELECTRONICS CO., LTD","UOMZ MEIZHOU CO., LTD",,,https://war-sanctions.gur.gov.ua/ru/rostec/12221,3367,unresolved,,,
157,"АКЦИОНЕРНОЕ ОБЩЕСТВО ""ВЕРТОЛЕТЫ РОССИИ""","АО ""ВЕРТОЛЕТЫ РОССИИ""",7731559044,1077746003334,https://war-sanctions.gur.gov.ua/ru/rostec/157,16,unresolved,,,
7204,"АКЦИОНЕРНОЕ ОБЩЕСТВО ""НАЦИОНАЛЬНАЯ АВИАЦИОННО-СЕРВИСНАЯ КОМПАНИЯ""","АО ""НАСК""",6230116089,1206200002249,https://war-sanctions.gur.gov.ua/ru/rostec/7204,157,unresolved,,,
298,"АКЦИОНЕРНОЕ ОБЩЕСТВО ""ВЕРТОЛЕТНАЯ СЕРВИСНАЯ КОМПАНИЯ""","АО ""ВСК""",7704252960,1037704005041,https://war-sanctions.gur.gov.ua/ru/rostec/298,7204,unresolved,,,
10207,"АКЦИОНЕРНОЕ ОБЩЕСТВО ""ДАЛЬНЕВОСТОЧНЫЙ АВИАЦИОННЫЙ СЕРВИСНЫЙ ЦЕНТР""","АО ""ДАСЦ""",2724225651,1172724031611,https://war-sanctions.gur.gov.ua/ru/rostec/10207,298,unresolved,,,
289,"АКЦИОНЕРНОЕ ОБЩЕСТВО ""150 АВИАЦИОННЫЙ РЕМОНТНЫЙ ЗАВОД""","АО ""150 АРЗ""",3913501370,1093925016767,https://war-sanctions.gur.gov.ua/ru/rostec/289,298,unresolved,,,
3407,"АКЦИОНЕРНОЕ ОБЩЕСТВО ""99 ЗАВОД АВИАЦИОННОГО ТЕХНОЛОГИЧЕСКОГО ОБОРУДОВАНИЯ""","АО ""99 ЗАТО""",7751520180,1147746385500,https://war-sanctions.gur.gov.ua/ru/rostec/3407,298,unresolved,,,
3406,"АКЦИОНЕРНОЕ ОБЩЕСТВО ""419 АВИАЦИОННЫЙ РЕМОНТНЫЙ ЗАВОД""","АО ""419 АРЗ""",7807343496,1097847146748,https://war-sanctions.gur.gov.ua/ru/rostec/3406,298,unresolved,,,
240,"АКЦИОНЕРНОЕ ОБЩЕСТВО ""НОВОСИБИРСКИЙ АВИАРЕМОНТНЫЙ ЗАВОД""","АО ""НАРЗ""",5402112867,1025401018642,https://war-sanctions.gur.gov.ua/ru/rostec/240,298,unresolved,,,
292,"АКЦИОНЕРНОЕ ОБЩЕСТВО ""810 АВИАЦИОННЫЙ РЕМОНТНЫЙ ЗАВОД""","АО ""810 АРЗ""",7536080716,1077536006118,https://war-sanctions.gur.gov.ua/ru/rostec/292,298,unresolved,,,
290,"АКЦИОНЕРНОЕ ОБЩЕСТВО ""356 АВИАЦИОННЫЙ РЕМОНТНЫЙ ЗАВОД""","АО ""356 АРЗ""",6449042335,1076449000870,https://war-sanctions.gur.gov.ua/ru/rostec/290,298,unresolved,,,
8146,"АКЦИОНЕРНОЕ ОБЩЕСТВО ""ВР-СЕРВИС""","АО ""ВР-СЕРВИС""",5027072844,1035005010941,https://war-sanctions.gur.gov.ua/ru/rostec/8146,298,unresolved,,,
3408,"АКЦИОНЕРНОЕ ОБЩЕСТВО ""ХЕЛИВЕРТ""","АО ""ХЕЛИВЕРТ""",5027152955,1095027009758,https://war-sanctions.gur.gov.ua/ru/rostec/3408,157,unresolved,,,
303,"АКЦИОНЕРНОЕ ОБЩЕСТВО ""АВИАЦИОННЫЕ РЕДУКТОРА И ТРАНСМИССИИ - ПЕРМСКИЕ МОТОРЫ""","АО ""РЕДУКТОР-ПМ""",5948017501,1025902394385,https://war-sanctions.gur.gov.ua/ru/rostec/303,157,unresolved,,,
15687,"ОБЩЕСТВО С ОГРАНИЧЕННОЙ ОТВЕТСТВЕННОСТЬЮ ""ВР-АТИ""","ООО ""ВР-АТИ""",9705249586,1257700473722,https://war-sanctions.gur.gov.ua/ru/rostec/15687,157,unresolved,,,
288,"ОБЩЕСТВО С ОГРАНИЧЕННОЙ ОТВЕТСТВЕННОСТЬЮ ""МЕЖДУНАРОДНЫЕ ВЕРТОЛЕТНЫЕ ПРОГРАММЫ""","ООО ""МВП""",5027150429,1095027007008,https://war-sanctions.gur.gov.ua/ru/rostec/288,157,unresolved,,,
316,"ОБЩЕСТВО С ОГРАНИЧЕННОЙ ОТВЕТСТВЕННОСТЬЮ ""ЦЕНТР ЗАКУПОК И ЛОГИСТИКИ ВЕРТОЛЁТОСТРОИТЕЛЬНОЙ ИНДУСТРИИ""","ООО ""ЦЗЛ ВИ""",7731636010,1097746637779,https://war-sanctions.gur.gov.ua/ru/rostec/316,157,unresolved,,,
310,"АКЦИОНЕРНОЕ ОБЩЕСТВО ""СТУПИНСКОЕ МАШИНОСТРОИТЕЛЬНОЕ ПРОИЗВОДСТВЕННОЕ ПРЕДПРИЯТИЕ""","АО ""СМПП""",5045001885,1025005917419,https://war-sanctions.gur.gov.ua/ru/rostec/310,157,unresolved,,,
301,"АКЦИОНЕРНОЕ ОБЩЕСТВО ""НАЦИОНАЛЬНЫЙ ЦЕНТР ВЕРТОЛЕТОСТРОЕНИЯ ИМ. М.Л. МИЛЯ И Н.И. КАМОВА""","АО ""НЦВ МИЛЬ И КАМОВ""",7718016666,1027739032969,https://war-sanctions.gur.gov.ua/ru/rostec/301,157,unresolved,,,
299,"АКЦИОНЕРНОЕ ОБЩЕСТВО ""КУМЕРТАУСКОЕ АВИАЦИОННОЕ ПРОИЗВОДСТВЕННОЕ ПРЕДПРИЯТИЕ""","АО ""КУМАПП""",262016287,1080262000609,https://war-sanctions.gur.gov.ua/ru/rostec/299,157,unresolved,,,
318,"ОБЩЕСТВО С ОГРАНИЧЕННОЙ ОТВЕТСТВЕННОСТЬЮ ""ВР-РЕСУРС""","ООО ""ВР-РЕСУРС""",5027138478,1085027009572,https://war-sanctions.gur.gov.ua/ru/rostec/318,157,matched_name_and_website,917377,https://hh.ru/employer/917377,
15690,"ОБЩЕСТВО С ОГРАНИЧЕННОЙ ОТВЕТСТВЕННОСТЬЮ ""ИНФОРМАЦИОННО-КОНСАЛТИНГОВАЯ ГРУППА ИНФИНТРАСТ""","ООО ""ИКГ ИНФИНТРАСТ""",7726183741,1037739650497,https://war-sanctions.gur.gov.ua/ru/rostec/15690,318,unresolved,,,
15689,"ОБЩЕСТВО С ОГРАНИЧЕННОЙ ОТВЕТСТВЕННОСТЬЮ ""ДЭЙННА""","ООО ""ДЭЙННА""",7705321870,1027739732569,https://war-sanctions.gur.gov.ua/ru/rostec/15689,318,unresolved,,,
15688,"ОБЩЕСТВО С ОГРАНИЧЕННОЙ ОТВЕТСТВЕННОСТЬЮ ""ХЕЛИПОРТ-ДОМ МУЗЫКИ""","ООО ""ХЕЛИПОРТ-ДМ""",7731463663,1147746053993,https://war-sanctions.gur.gov.ua/ru/rostec/15688,318,unresolved,,,
321,"РОСТОВСКИЙ ВЕРТОЛЕТНЫЙ ПРОИЗВОДСТВЕННЫЙ КОМПЛЕКС АКЦИОНЕРНОЕ ОБЩЕСТВО ""РОСТВЕРТОЛ"" ИМЕНИ Б.Н. СЛЮСАРЯ","АО ""РОСТВЕРТОЛ""",6161021690,1026102899228,https://war-sanctions.gur.gov.ua/ru/rostec/321,157,unresolved,,,
15686,"УЧРЕЖДЕНИЕ КУЛЬТУРЫ-""СОЦИАЛЬНО-ДОСУГОВЫЙ КОМПЛЕКС ""РОСТВЕРТОЛ""","СДК ""РОСТВЕРТОЛ""",6161029763,1026102907456,https://war-sanctions.gur.gov.ua/ru/rostec/15686,321,unresolved,,,
15685,"ЗАКРЫТОЕ АКЦИОНЕРНОЕ ОБЩЕСТВО ""АВИАКОМПАНИЯ ""РОСТВЕРТОЛ-АВИА""","ЗАО АК ""РОСТВЕРТОЛ-АВИА""",6161057249,1106193001485,https://war-sanctions.gur.gov.ua/ru/rostec/15685,321,unresolved,,,
311,"АКЦИОНЕРНОЕ ОБЩЕСТВО ""УЛАН-УДЭНСКИЙ АВИАЦИОННЫЙ ЗАВОД""","АО ""У-УАЗ""",,,https://war-sanctions.gur.gov.ua/ru/rostec/311,157,unresolved,,,
553,"АКЦИОНЕРНОЕ ОБЩЕСТВО ""АВИАКОМПАНИЯ ""БАРГУЗИН""","АО ""АК БАРГУЗИН""",0323096282,1020300965464,https://war-sanctions.gur.gov.ua/ru/rostec/553,311,unresolved,,,
15682,"АКЦИОНЕРНОЕ ОБЩЕСТВО ""ВЕРТОЛЕТНАЯ ИННОВАЦИОННО-ПРОМЫШЛЕННАЯ КОМПАНИЯ""","АО ""ВИК""",0323009314,1020300974308,https://war-sanctions.gur.gov.ua/ru/rostec/15682,311,unresolved,,,
15684,"АКЦИОНЕРНОЕ ОБЩЕСТВО ""УЛАН-УДЭНСКИЙ ЛОПАСТНОЙ ЗАВОД""","АО ""У-УЛЗ""",0323097504,1020300971855,https://war-sanctions.gur.gov.ua/ru/rostec/15684,15682,unresolved,,,
302,"АКЦИОНЕРНОЕ ОБЩЕСТВО ""АРСЕНЬЕВСКАЯ АВИАЦИОННАЯ КОМПАНИЯ ""ПРОГРЕСС"" ИМ. Н.И. САЗЫКИНА""","АО ""ААК ""ПРОГРЕСС""",2501002394,1022500510350,https://war-sanctions.gur.gov.ua/ru/rostec/302,157,unresolved,,,
664,"ОБЩЕСТВО С ОГРАНИЧЕННОЙ ОТВЕТСТВЕННОСТЬЮ ""ВР ЛИТЕЙНОЕ ПРОИЗВОДСТВО""","ООО ""ВР ЛИТЕЙНОЕ ПРОИЗВОДСТВО""",7731439205,1137746005297,https://war-sanctions.gur.gov.ua/ru/rostec/664,302,unresolved,,,
134,"АКЦИОНЕРНОЕ ОБЩЕСТВО ""КАЗАНСКИЙ ВЕРТОЛЕТНЫЙ ЗАВОД""","АО ""КВЗ""",1656002652,1021603881683,https://war-sanctions.gur.gov.ua/ru/rostec/134,157,unresolved,,,
15683,"АКЦИОНЕРНОЕ ОБЩЕСТВО ""ЗАВОД ""СПЕЦПЛАСТИНА""","АО ""ЗАВОД ""СПЕЦПЛАСТИНА""",7826135188,1027810336828,https://war-sanctions.gur.gov.ua/ru/rostec/15683,134,unresolved,,,
456,"АКЦИОНЕРНОЕ ОБЩЕСТВО ""КОНЦЕРН ""КАЛАШНИКОВ""","АО ""КОНЦЕРН ""КАЛАШНИКОВ""",1832090230,1111832003018,https://war-sanctions.gur.gov.ua/ru/rostec/456,16,unresolved,,,
6891,"АКЦИОНЕРНОЕ ОБЩЕСТВО ""НАУЧНО-ИССЛЕДОВАТЕЛЬСКИЙ ИНСТИТУТ СТАЛИ""","АО ""НИИ СТАЛИ""",7713070243,1027739081556,https://war-sanctions.gur.gov.ua/ru/rostec/6891,456,unresolved,,,
3474,"ОБЩЕСТВО С ОГРАНИЧЕННОЙ ОТВЕТСТВЕННОСТЬЮ ""ТРИАДА-ТАКТИКА, КОМПЕТЕНЦИИ, ОСНАЩЕНИЕ""","ООО ""ТРИАДА-ТКО""",7731411263,1117746608462,https://war-sanctions.gur.gov.ua/ru/rostec/3474,456,unresolved,,,
4673,"АКЦИОНЕРНОЕ ОБЩЕСТВО ""МЫТИЩИНСКИЙ МАШИНОСТРОИТЕЛЬНЫЙ ЗАВОД""","АО ""ММЗ""",5029126076,1095029003860,https://war-sanctions.gur.gov.ua/ru/rostec/4673,456,unresolved,,,
4412,"АКЦИОНЕРНОЕ ОБЩЕСТВО ""ИНСТИТУТ ПРИКЛАДНОЙ ФИЗИКИ""","АО ""ИПФ""",5408106299,1025403638831,https://war-sanctions.gur.gov.ua/ru/rostec/4412,456,unresolved,,,
3381,"ОБЩЕСТВО С ОГРАНИЧЕННОЙ ОТВЕТСТВЕННОСТЬЮ ""ЛИПЕЦКИЙ МЕХАНИЧЕСКИЙ ЗАВОД""","ООО ""ЛМЗ""",4824096058,1184827011302,https://war-sanctions.gur.gov.ua/ru/rostec/3381,456,unresolved,,,
258,"ОБЩЕСТВО С ОГРАНИЧЕННОЙ ОТВЕТСТВЕННОСТЬЮ ""НАУЧНО-ПРОИЗВОДСТВЕННОЕ ОБЪЕДИНЕНИЕ ""ИЖЕВСКИЕ БЕСПИЛОТНЫЕ СИСТЕМЫ""","ООО ""НПО ""ИЖБС""",1831117433,1061831040688,https://war-sanctions.gur.gov.ua/ru/rostec/258,456,unresolved,,,
14309,"ОБЩЕСТВО С ОГРАНИЧЕННОЙ ОТВЕТСТВЕННОСТЬЮ ""ИЖЕВСКИЙ АВИАЦИОННЫЙ ЗАВОД""","ООО ""ИАЗ""",1841109463,1231800002609,https://war-sanctions.gur.gov.ua/ru/rostec/14309,456,unresolved,,,
15680,"ОБЩЕСТВО С ОГРАНИЧЕННОЙ ОТВЕТСТВЕННОСТЬЮ ""КАЛАШНИКОВ-ГСН""","ООО ""КАЛАШНИКОВ-ГСН""",7805818659,1247800099733,https://war-sanctions.gur.gov.ua/ru/rostec/15680,456,unresolved,,,
14311,"ОБЩЕСТВО С ОГРАНИЧЕННОЙ ОТВЕТСТВЕННОСТЬЮ ""ГРУППА КОМПАНИЙ ТИХИЕ КРЫЛЬЯ""","ООО ""ГК ТИХИЕ КРЫЛЬЯ""",7802703755,1207800024662,https://war-sanctions.gur.gov.ua/ru/rostec/14311,456,unresolved,,,
9330,"ПУБЛИЧНОЕ АКЦИОНЕРНОЕ ОБЩЕСТВО ""КИРОВСКИЙ ЗАВОД ""МАЯК""","ПАО ""КИРОВСКИЙ ЗАВОД ""МАЯК""",4345000947,1024301308371,https://war-sanctions.gur.gov.ua/ru/rostec/9330,456,unresolved,,,
5917,"ОБЩЕСТВО С ОГРАНИЧЕННОЙ ОТВЕТСТВЕННОСТЬЮ ""НАУЧНО-ПРОИЗВОДСТВЕННАЯ ФИРМА ""ТЕХИНКОМ""","ООО ""НПФ ""ТЕХИНКОМ""",7806102473,1037816033530,https://war-sanctions.gur.gov.ua/ru/rostec/5917,456,matched_name_and_website,1295180,https://hh.ru/employer/1295180,
8881,"ОБЩЕСТВО С ОГРАНИЧЕННОЙ ОТВЕТСТВЕННОСТЬЮ ""КОНСТРУКТОРСКОЕ БЮРО ""ЛУГГАР""","ООО ""КБ ""ЛУГГАР""",5402561894,1135476062831,https://war-sanctions.gur.gov.ua/ru/rostec/8881,456,unresolved,,,
15679,"ОБЩЕСТВО С ОГРАНИЧЕННОЙ ОТВЕТСТВЕННОСТЬЮ ""ПРОМЫШЛЕННЫЙ КЛАСТЕР ""КАЛАШНИКОВ""","ООО ""ПКК""",7704459428,1187746739135,https://war-sanctions.gur.gov.ua/ru/rostec/15679,456,unresolved,,,
15678,"ОБЩЕСТВО С ОГРАНИЧЕННОЙ ОТВЕТСТВЕННОСТЬЮ ""МЕДИЦИНСКИЕ РАЗРАБОТКИ""","ООО ""МЕДИЦИНСКИЕ РАЗРАБОТКИ""",7751304005,1247700202958,https://war-sanctions.gur.gov.ua/ru/rostec/15678,456,unresolved,,,
7020,"ОБЩЕСТВО С ОГРАНИЧЕННОЙ ОТВЕТСТВЕННОСТЬЮ ""ЮВС АВИА""","ООО ""ЮВС АВИА""",7726700284,1127746516809,https://war-sanctions.gur.gov.ua/ru/rostec/7020,456,unresolved,,,
3331,"ОБЩЕСТВО С ОГРАНИЧЕННОЙ ОТВЕТСТВЕННОСТЬЮ ""ВЕРФЬ БРАТЬЕВ НОБЕЛЬ""","ООО ""ВЕРФЬ БРАТЬЕВ НОБЕЛЬ""",7610073958,1077610001853,https://war-sanctions.gur.gov.ua/ru/rostec/3331,456,unresolved,,,
3451,"ОБЩЕСТВО С ОГРАНИЧЕННОЙ ОТВЕТСТВЕННОСТЬЮ ""РЫБИНСКАЯ ВЕРФЬ""","ООО ""РВ""",7610128727,1187627030766,https://war-sanctions.gur.gov.ua/ru/rostec/3451,456,unresolved,,,
3476,"АКЦИОНЕРНОЕ ОБЩЕСТВО ""ЦЕНТРАЛЬНЫЙ НАУЧНО-ИССЛЕДОВАТЕЛЬСКИЙ ИНСТИТУТ ТОЧНОГО МАШИНОСТРОЕНИЯ""","АО ""ЦНИИТОЧМАШ""",5074051432,1145074012104,https://war-sanctions.gur.gov.ua/ru/rostec/3476,456,unresolved,,,
15677,"ОБЩЕСТВО С ОГРАНИЧЕННОЙ ОТВЕТСТВЕННОСТЬЮ ""КАЛАШНИКОВ СПОРТ""","ООО ""КАЛАШНИКОВ СПОРТ""",1832151878,1191832003890,https://war-sanctions.gur.gov.ua/ru/rostec/15677,456,unresolved,,,
672,"ОБЩЕСТВО С ОГРАНИЧЕННОЙ ОТВЕТСТВЕННОСТЬЮ ""ЦСТ""","ООО ""ЦСТ""",1841015504,1101841007938,https://war-sanctions.gur.gov.ua/ru/rostec/672,456,unresolved,,,
15676,"ОБЩЕСТВО С ОГРАНИЧЕННОЙ ОТВЕТСТВЕННОСТЬЮ ""ИННОВАЦИОННЫЙ ЦЕНТР ""КОНЦЕРНА ""КАЛАШНИКОВ""","ООО ""ИННОВАЦИОННЫЙ ЦЕНТР ""КОНЦЕРНА ""КАЛАШНИКОВ""",1832140883,1161832073347,https://war-sanctions.gur.gov.ua/ru/rostec/15676,456,unresolved,,,
15675,"ЧАСТНОЕ ОБРАЗОВАТЕЛЬНОЕ УЧРЕЖДЕНИЕ ДОПОЛНИТЕЛЬНОГО ПРОФЕССИОНАЛЬНОГО ОБРАЗОВАНИЯ ""АКАДЕМИЯ ""КАЛАШНИКОВ""","ЧОУ ДПО ""АКАДЕМИЯ ""КАЛАШНИКОВ""",1832153152,1191832012283,https://war-sanctions.gur.gov.ua/ru/rostec/15675,456,unresolved,,,
674,"ОБЩЕСТВО С ОГРАНИЧЕННОЙ ОТВЕТСТВЕННОСТЬЮ ""РИФМЕТ ПРО""","ООО ""РИФМЕТ ПРО""",7729507948,1047796392269,https://war-sanctions.gur.gov.ua/ru/rostec/674,456,unresolved,,,
15674,"ОБЩЕСТВО С ОГРАНИЧЕННОЙ ОТВЕТСТВЕННОСТЬЮ ""ЦИФРОВ""","ООО ""ЦИФРОВ""",9704258517,1257700121425,https://war-sanctions.gur.gov.ua/ru/rostec/15674,456,unresolved,,,
3330,"АКЦИОНЕРНОЕ ОБЩЕСТВО ""ИЖЕВСКИЙ МЕХАНИЧЕСКИЙ ЗАВОД""","АО ""ИМЗ""",1841030037,1121841007958,https://war-sanctions.gur.gov.ua/ru/rostec/3330,456,unresolved,,,
3332,"ОБЩЕСТВО С ОГРАНИЧЕННОЙ ОТВЕТСТВЕННОСТЬЮ ""РУССКОЕ СТРЕЛКОВОЕ ОРУЖИЕ""","ООО ""РУССКОЕ СТРЕЛКОВОЕ ОРУЖИЕ""",5012083843,1145012002552,https://war-sanctions.gur.gov.ua/ru/rostec/3332,456,unresolved,,,
15673,"ОБЩЕСТВО С ОГРАНИЧЕННОЙ ОТВЕТСТВЕННОСТЬЮ ""МЕДИА-СИСТЕМЫ""","ООО ""МЕДИА-СИСТЕМЫ""",7704427546,1177746620963,https://war-sanctions.gur.gov.ua/ru/rostec/15673,3332,unresolved,,,
15672,"ОБЩЕСТВО С ОГРАНИЧЕННОЙ ОТВЕТСТВЕННОСТЬЮ ""К-АВТО""","ООО ""К-АВТО""",1832137979,1161832056396,https://war-sanctions.gur.gov.ua/ru/rostec/15672,3332,unresolved,,,
5926,"АКЦИОНЕРНОЕ ОБЩЕСТВО ""ЛОМО""","АО ""ЛОМО""",7804002321,1027802498514,https://war-sanctions.gur.gov.ua/ru/rostec/5926,456,unresolved,,,
9712,"ЗАКРЫТОЕ АКЦИОНЕРНОЕ ОБЩЕСТВО ""ЛОМО ЛАЗЕР""","ЗАО ""ЛОМО ЛАЗЕР""",7804003942,1027802508876,https://war-sanctions.gur.gov.ua/ru/rostec/9712,5926,unresolved,,,
9770,"АКЦИОНЕРНОЕ ОБЩЕСТВО ""МЕНЕДЖМЕНТ КОМПАНИЯ НЕВА""","АО ""МК НЕВА""",2320042860,1022302936754,https://war-sanctions.gur.gov.ua/ru/rostec/9770,5926,unresolved,,,
9748,"ОБЩЕСТВО С ОГРАНИЧЕННОЙ ОТВЕТСТВЕННОСТЬЮ ""КОНДОР ТРЕЙДИНГ""","ООО ""КОНДОР ТРЕЙДИНГ""",7804485277,1127847263290,https://war-sanctions.gur.gov.ua/ru/rostec/9748,5926,unresolved,,,
15671,"ОБЩЕСТВО С ОГРАНИЧЕННОЙ ОТВЕТСТВЕННОСТЬЮ ""ЛОМО-ПРИБОР""","ООО ""ЛОМО-ПРИБОР""",7804169923,1037808036958,https://war-sanctions.gur.gov.ua/ru/rostec/15671,5926,unresolved,,,
15670,"ОБЩЕСТВО С ОГРАНИЧЕННОЙ ОТВЕТСТВЕННОСТЬЮ ""ЛОМО ФОТОНИКА ПЛЮС""","ООО ""ЛОМО ФОТОНИКА ПЛЮС""",7804219701,1157847168654,https://war-sanctions.gur.gov.ua/ru/rostec/15670,5926,unresolved,,,
15669,"ОБЩЕСТВО С ОГРАНИЧЕННОЙ ОТВЕТСТВЕННОСТЬЮ ""ЛОМО-МИКРОСИСТЕМЫ""","ООО ""ЛОМО-МИКРОСИСТЕМЫ""",7804321293,1057812089444,https://war-sanctions.gur.gov.ua/ru/rostec/15669,5926,unresolved,,,
15668,"ОБЩЕСТВО С ОГРАНИЧЕННОЙ ОТВЕТСТВЕННОСТЬЮ ""ПЕТРО-ЛОМО""","ООО ""ПЕТРО-ЛОМО""",7804302702,1047855050660,https://war-sanctions.gur.gov.ua/ru/rostec/15668,5926,unresolved,,,
8324,"ОБЩЕСТВО С ОГРАНИЧЕННОЙ ОТВЕТСТВЕННОСТЬЮ ""ЛОМО МЕТЕО""","ООО ""ЛОМО МЕТЕО""",7804151299,1027802504069,https://war-sanctions.gur.gov.ua/ru/rostec/8324,5926,unresolved,,,
9756,"ОБЩЕСТВО С ОГРАНИЧЕННОЙ ОТВЕТСТВЕННОСТЬЮ ""СБЫТОВАЯ ЭНЕРГЕТИЧЕСКАЯ КОМПАНИЯ""","ООО ""СБЫТОВАЯ ЭНЕРГЕТИЧЕСКАЯ КОМПАНИЯ""",7804355599,1077847010340,https://war-sanctions.gur.gov.ua/ru/rostec/9756,5926,unresolved,,,
11765,"АКЦИОНЕРНОЕ ОБЩЕСТВО ""КОНЦЕРН ""УРАЛВАГОНЗАВОД""","АО ""КОНЦЕРН ""УРАЛВАГОНЗАВОД""",7706453206,1187746432345,https://war-sanctions.gur.gov.ua/ru/rostec/11765,16,unresolved,,,
3423,"АКЦИОНЕРНОЕ ОБЩЕСТВО ""СПЕЦИАЛЬНОЕ КОНСТРУКТОРСКОЕ БЮРО ТРАНСПОРТНОГО МАШИНОСТРОЕНИЯ""","АО ""СПЕЦМАШ""",7805019624,1027802749061,https://war-sanctions.gur.gov.ua/ru/rostec/3423,11765,unresolved,,,
115,"АКЦИОНЕРНОЕ ОБЩЕСТВО ""НАУЧНО-ПРОИЗВОДСТВЕННАЯ КОРПОРАЦИЯ ""УРАЛВАГОНЗАВОД"" ИМЕНИ Ф.Э. ДЗЕРЖИНСКОГО""","АО ""НПК УРАЛВАГОНЗАВОД""",6623029538,1086623002190,https://war-sanctions.gur.gov.ua/ru/rostec/115,11765,unresolved,,,
5739,"ОБЩЕСТВО С ОГРАНИЧЕННОЙ ОТВЕТСТВЕННОСТЬЮ ""УБТ-СЕРВИС""","ООО ""УБТ-СЕРВИС""",6623070230,1106623003728,https://war-sanctions.gur.gov.ua/ru/rostec/5739,115,unresolved,,,
3418,"ОБЩЕСТВО С ОГРАНИЧЕННОЙ ОТВЕТСТВЕННОСТЬЮ ""УРАЛЬСКОЕ КОНСТРУКТОРСКОЕ БЮРО ВАГОНОСТРОЕНИЯ""","ООО ""УКБВ""",6623091790,1136623001217,https://war-sanctions.gur.gov.ua/ru/rostec/3418,115,unresolved,,,
15606,"ФИЛИАЛ АКЦИОНЕРНОГО ОБЩЕСТВА ""НАУЧНО-ПРОИЗВОДСТВЕННАЯ КОРПОРАЦИЯ ""УРАЛВАГОНЗАВОД"" ИМЕНИ Ф.Э.ДЗЕРЖИНСКОГО"" – ""ВОЛЧАНСКИЙ МЕХАНИЧЕСКИЙ ЗАВОД""","""ВМЗ"" – ФИЛИАЛ АО ""НПК ""УРАЛВАГОНЗАВОД""",,,https://war-sanctions.gur.gov.ua/ru/rostec/15606,115,unresolved,,,
15616,"АКЦИОНЕРНОЕ ОБЩЕСТВО ""ПРОМЫШЛЕННЫЙ ТЕХНОПАРК ЗЭМ""","АО ""ПТ ЗЭМ""",5505211475,1115543021021,https://war-sanctions.gur.gov.ua/ru/rostec/15616,115,unresolved,,,
3416,"АКЦИОНЕРНОЕ ОБЩЕСТВО ""НАУЧНО-ПРОИЗВОДСТВЕННОЕ ОБЪЕДИНЕНИЕ ""ЭЛЕКТРОМАШИНА""","АО ""НПО ""ЭЛЕКТРОМАШИНА""",7449044990,1047422507736,https://war-sanctions.gur.gov.ua/ru/rostec/3416,115,unresolved,,,
15615,"ОБЩЕСТВО С ОГРАНИЧЕННОЙ ОТВЕТСТВЕННОСТЬЮ ""ПРОИЗВОДСТВЕННАЯ ФИРМА ""НОВЫЙ СТИЛЬ""","ООО ""ПФ ""НОВЫЙ СТИЛЬ""",6614005361,1026601101900,https://war-sanctions.gur.gov.ua/ru/rostec/15615,115,unresolved,,,
13718,"АКЦИОНЕРНОЕ ОБЩЕСТВО ""41 ЦЕНТРАЛЬНЫЙ ЗАВОД ЖЕЛЕЗНОДОРОЖНОЙ ТЕХНИКИ""","АО ""41 ЦЕНТРАЛЬНЫЙ ЗАВОД""",5027150193,1095027006722,https://war-sanctions.gur.gov.ua/ru/rostec/13718,115,unresolved,,,
3424,"АКЦИОНЕРНОЕ ОБЩЕСТВО ""61 БРОНЕТАНКОВЫЙ РЕМОНТНЫЙ ЗАВОД""","АО ""61 БТРЗ""",7819310752,1097847131678,https://war-sanctions.gur.gov.ua/ru/rostec/3424,115,unresolved,,,
3466,"АКЦИОНЕРНОЕ ОБЩЕСТВО ""НАУЧНО-ИССЛЕДОВАТЕЛЬСКИЙ ИНСТИТУТ ДВИГАТЕЛЕЙ""","АО ""НИИД""",7707696113,1097746030030,https://war-sanctions.gur.gov.ua/ru/rostec/3466,115,unresolved,,,
1916,"АКЦИОНЕРНОЕ ОБЩЕСТВО ""81 БРОНЕТАНКОВЫЙ РЕМОНТНЫЙ ЗАВОД""","АО ""81 БТРЗ""",2302060955,1092302000922,https://war-sanctions.gur.gov.ua/ru/rostec/1916,115,unresolved,,,
3468,"АКЦИОНЕРНОЕ ОБЩЕСТВО ""ВСЕРОССИЙСКИЙ НАУЧНО-ИССЛЕДОВАТЕЛЬСКИЙ ИНСТИТУТ ТРАНСПОРТНОГО МАШИНОСТРОЕНИЯ""","АО ""ВНИИТРАНСМАШ""",7807019443,1027804604013,https://war-sanctions.gur.gov.ua/ru/rostec/3468,115,unresolved,,,
3414,"АКЦИОНЕРНОЕ ОБЩЕСТВО ""МАШИНОСТРОИТЕЛЬНАЯ КОМПАНИЯ ""ВИТЯЗЬ""","АО ""МК ""ВИТЯЗЬ""",,,https://war-sanctions.gur.gov.ua/ru/rostec/3414,115,unresolved,,,
3422,"АКЦИОНЕРНОЕ ОБЩЕСТВО ""УРАЛКРИОМАШ""","АО ""УКМ""",6667002727,1026601371796,https://war-sanctions.gur.gov.ua/ru/rostec/3422,115,unresolved,,,
15614,"ОБЩЕСТВО С ОГРАНИЧЕННОЙ ОТВЕТСТВЕННОСТЬЮ ""НОВЫЙ СТИЛЬ""","ООО ""НОВЫЙ СТИЛЬ""",6617025687,1169658053278,https://war-sanctions.gur.gov.ua/ru/rostec/15614,115,unresolved,,,
15612,"ОБЩЕСТВО С ОГРАНИЧЕННОЙ ОТВЕТСТВЕННОСТЬЮ ""УБТ-ОТЕЛЬ""","ООО ""УБТ-ОТЕЛЬ""",6623090363,1126623013593,https://war-sanctions.gur.gov.ua/ru/rostec/15612,115,unresolved,,,
688,"АКЦИОНЕРНОЕ ОБЩЕСТВО ""УРАЛЬСКАЯ БОЛЬШЕГРУЗНАЯ ТЕХНИКА-УРАЛВАГОНЗАВОД""","АО ""УБТ-УРАЛВАГОНЗАВОД""",6623009965,1026601370267,https://war-sanctions.gur.gov.ua/ru/rostec/688,115,unresolved,,,
3456,"АКЦИОНЕРНОЕ ОБЩЕСТВО ""УРАЛЬСКИЙ НАУЧНО-ТЕХНОЛОГИЧЕСКИЙ КОМПЛЕКС""","АО ""УНТК""",6667001522,1026601368023,https://war-sanctions.gur.gov.ua/ru/rostec/3456,115,unresolved,,,
5118,"АКЦИОНЕРНОЕ ОБЩЕСТВО ""103 БРОНЕТАНКОВЫЙ РЕМОНТНЫЙ ЗАВОД""","АО ""103 БТРЗ""",7524015624,1097524000640,https://war-sanctions.gur.gov.ua/ru/rostec/5118,115,unresolved,,,
5740,"АКЦИОНЕРНОЕ ОБЩЕСТВО ""УРАЛВАГОНЗАВОД-ТРАНС""","АО ""УВЗ-ТРАНС""",7709835066,1097746469952,https://war-sanctions.gur.gov.ua/ru/rostec/5740,115,unresolved,,,
15622,"АКЦИОНЕРНОЕ ОБЩЕСТВО ""ЦЕНТР ТЕХНОЛОГИЧЕСКИХ КОМПЕТЕНЦИЙ""","АО ""ЦТК""",5017141601,1255000068652,https://war-sanctions.gur.gov.ua/ru/rostec/15622,5740,unresolved,,,
15607,"ОБЩЕСТВО С ОГРАНИЧЕННОЙ ОТВЕТСТВЕННОСТЬЮ ""ТЕХНОПАРК ""ТРАКТОРОЗАВОДСКИЙ""","ООО ""ТЕХНОПАРК ""ТРАКТОРОЗАВОДСКИЙ""",7452046148,1057424058757,https://war-sanctions.gur.gov.ua/ru/rostec/15607,115,unresolved,,,
15621,"ОБЩЕСТВО С ОГРАНИЧЕННОЙ ОТВЕТСТВЕННОСТЬЮ ""УПРАВЛЯЮЩАЯ КОМПАНИЯ ""ИНДУСТРИАЛЬНЫЙ ПАРК ""МАШИНОСТРОИТЕЛЬНЫЙ""","ООО УК ""ИНДУСТРИАЛЬНЫЙ ПАРК ""МАШИНОСТРОИТЕЛЬНЫЙ""",7452112175,1137452005954,https://war-sanctions.gur.gov.ua/ru/rostec/15621,15607,unresolved,,,
15620,"ОБЩЕСТВО С ОГРАНИЧЕННОЙ ОТВЕТСТВЕННОСТЬЮ ""СФЕРА""","ООО ""СФЕРА""",7452120264,1147452007053,https://war-sanctions.gur.gov.ua/ru/rostec/15620,15607,unresolved,,,
15619,"ОБЩЕСТВО С ОГРАНИЧЕННОЙ ОТВЕТСТВЕННОСТЬЮ ""МАШАГРЕГАТ""","ООО ""МАШАГРЕГАТ""",7452125336,1157456008104,https://war-sanctions.gur.gov.ua/ru/rostec/15619,15607,unresolved,,,
15618,"ОБЩЕСТВО С ОГРАНИЧЕННОЙ ОТВЕТСТВЕННОСТЬЮ ""ЧЕЛЯБИНСКИЙ ЦЕНТР КУЗНЕЧНЫХ КОМПЕТЕНЦИЙ""","ООО ""ЧЦКК""",7452103646,1127452007770,https://war-sanctions.gur.gov.ua/ru/rostec/15618,15607,unresolved,,,
15617,"ОБЩЕСТВО С ОГРАНИЧЕННОЙ ОТВЕТСТВЕННОСТЬЮ ""ПРОИЗВОДСТВЕННАЯ КОМПАНИЯ ""ЧЕЛЯБИНСКИЙ ТРАКТОРНЫЙ ЗАВОД""","ООО ""ПК ""ЧТЗ""",7452159624,1227400019153,https://war-sanctions.gur.gov.ua/ru/rostec/15617,15607,unresolved,,,
3421,"АКЦИОНЕРНОЕ ОБЩЕСТВО ""УРАЛЬСКОЕ КОНСТРУКТОРСКОЕ БЮРО ТРАНСПОРТНОГО МАШИНОСТРОЕНИЯ""","АО ""УКБТМ""",6623049453,1086623004380,https://war-sanctions.gur.gov.ua/ru/rostec/3421,115,unresolved,,,
3426,"ОБЩЕСТВО С ОГРАНИЧЕННОЙ ОТВЕТСТВЕННОСТЬЮ ""УВЗ-СПЕЦСЕРВИС""","ООО ""УВЗ-СПЕЦСЕРВИС""",6623125506,1186658000264,https://war-sanctions.gur.gov.ua/ru/rostec/3426,3421,unresolved,,,
3467,"АКЦИОНЕРНОЕ ОБЩЕСТВО ""МУРОМСКОЕ СПЕЦИАЛЬНОЕ КОНСТРУКТОРСКОЕ БЮРО""","АО ""МУРОМСКОЕ СКБ""",3307000983,1033302400230,https://war-sanctions.gur.gov.ua/ru/rostec/3467,3426,unresolved,,,
5738,"ОБЩЕСТВО С ОГРАНИЧЕННОЙ ОТВЕТСТВЕННОСТЬЮ ""УВЗ-ЭНЕРГО""","ООО ""УВЗ-ЭНЕРГО""",6623025131,1056601274894,https://war-sanctions.gur.gov.ua/ru/rostec/5738,115,unresolved,,,
15613,"ОБЩЕСТВО С ОГРАНИЧЕННОЙ ОТВЕТСТВЕННОСТЬЮ ""УБТ-ИНТЕГРА""","ООО ""УБТ-ИНТЕГРА""",7705945830,1117746243020,https://war-sanctions.gur.gov.ua/ru/rostec/15613,5738,unresolved,,,
5117,"ОБЩЕСТВО С ОГРАНИЧЕННОЙ ОТВЕТСТВЕННОСТЬЮ ""ЧЕЛЯБИНСКИЙ ТРАКТОРНЫЙ ЗАВОД-УРАЛТРАК""","ООО ""ЧТЗ-УРАЛТРАК""",7452027843,1027403766830,https://war-sanctions.gur.gov.ua/ru/rostec/5117,115,unresolved,,,
15611,"ОБЩЕСТВО С ОГРАНИЧЕННОЙ ОТВЕТСТВЕННОСТЬЮ ""УРАЛПРОМСЕРВИС""","ООО ""УРАЛПРОМСЕРВИС""",7447132874,1087447007560,https://war-sanctions.gur.gov.ua/ru/rostec/15611,5117,unresolved,,,
15610,"ЧАСТНОЕ УЧРЕЖДЕНИЕ ""ДВОРЕЦ КУЛЬТУРЫ ООО ""ЧТЗ-УРАЛТРАК""","ЧУ ""ДК ООО ""ЧТЗ-УРАЛТРАК""",7452033340,1027403770701,https://war-sanctions.gur.gov.ua/ru/rostec/15610,5117,unresolved,,,
15609,"ОБЩЕСТВО С ОГРАНИЧЕННОЙ ОТВЕТСТВЕННОСТЬЮ ""СЕТЬ СТОЛОВЫХ""","ООО ""СЕТЬ СТОЛОВЫХ""",7452077202,1107452002921,https://war-sanctions.gur.gov.ua/ru/rostec/15609,5117,unresolved,,,
545,"АКЦИОНЕРНОЕ ОБЩЕСТВО ""ОМСКИЙ ЗАВОД ТРАНСПОРТНОГО МАШИНОСТРОЕНИЯ""","АО ""ОМСКТРАНСМАШ""",5505204171,1085543060734,https://war-sanctions.gur.gov.ua/ru/rostec/545,115,unresolved,,,
15608,"ОБЩЕСТВО С ОГРАНИЧЕННОЙ ОТВЕТСТВЕННОСТЬЮ ""ОМСКТРАНСМАШ ТЕХНОЛОГИИ""","ООО ""ОМСКТРАНСМАШ ТЕХНОЛОГИИ""",5505051817,1165543060198,https://war-sanctions.gur.gov.ua/ru/rostec/15608,545,unresolved,,,
3427,"АКЦИОНЕРНОЕ ОБЩЕСТВО ""192 ЦЕНТРАЛЬНЫЙ ЗАВОД ЖЕЛЕЗНОДОРОЖНОЙ ТЕХНИКИ""","АО ""192 ЦЗЖТ""",3233502418,1093254005899,https://war-sanctions.gur.gov.ua/ru/rostec/3427,545,unresolved,,,
4664,"АКЦИОНЕРНОЕ ОБЩЕСТВО ""ТЕХНОДИНАМИКА""","АО ""ТЕХНОДИНАМИКА""",7719265496,1037719005873,https://war-sanctions.gur.gov.ua/ru/rostec/4664,16,unresolved,,,
317,"АКЦИОНЕРНОЕ ОБЩЕСТВО ""НАУЧНО-ПРОИЗВОДСТВЕННЫЙ КОНЦЕРН ""ТЕХНОЛОГИИ МАШИНОСТРОЕНИЯ""","АО ""НПК ""ТЕХМАШ""",7743813961,1117746260477,https://war-sanctions.gur.gov.ua/ru/rostec/317,4664,unresolved,,,
3413,"АКЦИОНЕРНОЕ ОБЩЕСТВО ""ЦЕНТРАЛЬНЫЙ НАУЧНО-ИССЛЕДОВАТЕЛЬСКИЙ ИНСТИТУТ МАТЕРИАЛОВ ИМЕНИ Д.И. МЕНДЕЛЕЕВА""","АО ""ЦНИИМ""",7842436263,1107847269045,https://war-sanctions.gur.gov.ua/ru/rostec/3413,317,unresolved,,,
3419,"АКЦИОНЕРНОЕ ОБЩЕСТВО ""ЦЕНТРАЛЬНЫЙ НАУЧНО-ИССЛЕДОВАТЕЛЬСКИЙ ИНСТИТУТ ""БУРЕВЕСТНИК""","АО ""ЦНИИ ""БУРЕВЕСТНИК""",5259075468,1085259003664,https://war-sanctions.gur.gov.ua/ru/rostec/3419,317,unresolved,,,
15259,"ОБЩЕСТВО С ОГРАНИЧЕННОЙ ОТВЕТСТВЕННОСТЬЮ ""БУРЕВЕСТНИК - ЭКОЛОГИЧЕСКОЕ МАШИНОСТРОЕНИЕ""","ООО ""БУРЕВЕСТНИК - ЭМ""",5259138044,1195275003660,https://war-sanctions.gur.gov.ua/ru/rostec/15259,3419,unresolved,,,
3420,"АКЦИОНЕРНОЕ ОБЩЕСТВО ""УРАЛЬСКИЙ ЗАВОД ТРАНСПОРТНОГО МАШИНОСТРОЕНИЯ""","АО ""УРАЛТРАНСМАШ""",6659190900,1096659005200,https://war-sanctions.gur.gov.ua/ru/rostec/3420,317,unresolved,,,
3417,"АКЦИОНЕРНОЕ ОБЩЕСТВО ""ЗАВОД №9""","АО ""ЗАВОД №9""",6673189640,1086673012920,https://war-sanctions.gur.gov.ua/ru/rostec/3417,317,unresolved,,,
5927,"АКЦИОНЕРНОЕ ОБЩЕСТВО ""НАУЧНО-ПРОИЗВОДСТВЕННОЕ ОБЪЕДИНЕНИЕ ""ПРИБОР"" ИМЕНИ С.С. ГОЛЕМБИОВСКОГО""","АО ""НПО ""ПРИБОР"" ИМ. С.С. ГОЛЕМБИОВСКОГО""",7726700943,1127746541427,https://war-sanctions.gur.gov.ua/ru/rostec/5927,317,unresolved,,,
15258,"СОЮЗ ""НОГИНСКАЯ ТОРГОВО-ПРОМЫШЛЕННАЯ ПАЛАТА""","""НОГИНСКАЯ ТПП""",5031123594,1165000055626,https://war-sanctions.gur.gov.ua/ru/rostec/15258,5927,unresolved,,,
3386,"АКЦИОНЕРНОЕ ОБЩЕСТВО ""НОВОСИБИРСКИЙ ЗАВОД ИСКУССТВЕННОГО ВОЛОКНА""","АО ""НЗИВ""",5446013327,1115483001567,https://war-sanctions.gur.gov.ua/ru/rostec/3386,317,unresolved,,,
560,"АКЦИОНЕРНОЕ ОБЩЕСТВО ""БРЯНСКИЙ ХИМИЧЕСКИЙ ЗАВОД ИМЕНИ 50-ЛЕТИЯ СССР""","АО ""БХЗ ИМ. 50-ЛЕТИЯ СССР""",3255517496,1113256022505,https://war-sanctions.gur.gov.ua/ru/rostec/560,317,unresolved,,,
145,"АКЦИОНЕРНОЕ ОБЩЕСТВО ""НАУЧНО-ПРОИЗВОДСТВЕННОЕ ОБЪЕДИНЕНИЕ ""СПЛАВ"" ИМЕНИ А.Н. ГАНИЧЕВА""","АО ""НПО ""СПЛАВ"" ИМ. А.Н. ГАНИЧЕВА""",7105515987,1127154020311,https://war-sanctions.gur.gov.ua/ru/rostec/145,317,unresolved,,,
457,"АКЦИОНЕРНОЕ ОБЩЕСТВО ""НАУЧНО-ПРОИЗВОДСТВЕННОЕ ОБЪЕДИНЕНИЕ ""БАЗАЛЬТ""","АО ""НПО ""БАЗАЛЬТ""",7719830028,1127747209501,https://war-sanctions.gur.gov.ua/ru/rostec/457,317,unresolved,,,
9994,"АКЦИОНЕРНОЕ ОБЩЕСТВО ""ПОЛИМЕР""","АО ""ПОЛИМЕР""",6335005315,1026303177119,https://war-sanctions.gur.gov.ua/ru/rostec/9994,317,unresolved,,,
7228,"АКЦИОНЕРНОЕ ОБЩЕСТВО ""НАУЧНО-ИССЛЕДОВАТЕЛЬСКИЙ МАШИНОСТРОИТЕЛЬНЫЙ ИНСТИТУТ ИМЕНИ В.В. БАХИРЕВА""","АО ""НИМИ ИМ. В.В. БАХИРЕВА""",7743873015,1127747236341,https://war-sanctions.gur.gov.ua/ru/rostec/7228,317,unresolved,,,
3429,"АКЦИОНЕРНОЕ ОБЩЕСТВО ""ЛЕНИНГРАДСКИЙ МЕХАНИЧЕСКИЙ ЗАВОД ИМЕНИ КАРЛА ЛИБКНЕХТА""","АО ""ЛМЗ ИМ. К. ЛИБКНЕХТА""",7804474927,1117847568948,https://war-sanctions.gur.gov.ua/ru/rostec/3429,7228,unresolved,,,
3382,"АКЦИОНЕРНОЕ ОБЩЕСТВО ""КРАСНОАРМЕЙСКИЙ НАУЧНО-ИССЛЕДОВАТЕЛЬСКИЙ ИНСТИТУТ МЕХАНИЗАЦИИ""","АО ""КНИИМ""",5038087144,1115038007534,https://war-sanctions.gur.gov.ua/ru/rostec/3382,317,unresolved,,,
15257,"АКЦИОНЕРНОЕ ОБЩЕСТВО ""ЦЕНТРАЛЬНОЕ НАУЧНО-КОНСТРУКТОРСКОЕ БЮРО""","АО ""ЦНКБ""",7705536812,1137746277570,https://war-sanctions.gur.gov.ua/ru/rostec/15257,317,unresolved,,,
9995,"АКЦИОНЕРНОЕ ОБЩЕСТВО ""МАШИНОСТРОИТЕЛЬНЫЙ ЗАВОД ""ШТАМП"" ИМ. Б.Л. ВАННИКОВА""","АО ""МАШЗАВОД ""ШТАМП""",7105517367,1127154040012,https://war-sanctions.gur.gov.ua/ru/rostec/9995,317,unresolved,,,
3383,"АКЦИОНЕРНОЕ ОБЩЕСТВО ""АЛЕКСИНСКИЙ ОПЫТНЫЙ МЕХАНИЧЕСКИЙ ЗАВОД""","АО ""АОМЗ""",7111504768,1127154040122,https://war-sanctions.gur.gov.ua/ru/rostec/3383,317,unresolved,,,
3398,"АКЦИОНЕРНОЕ ОБЩЕСТВО ""НИЖНЕЛОМОВСКИЙ ЭЛЕКТРОМЕХАНИЧЕСКИЙ ЗАВОД""","АО ""НЛЭМЗ""",5827901321,1115827001740,https://war-sanctions.gur.gov.ua/ru/rostec/3398,317,unresolved,,,
3428,"АКЦИОНЕРНОЕ ОБЩЕСТВО ""ХИМИЧЕСКИЙ ЗАВОД ""ПЛАНТА""","АО ""ПЛАНТА""",6623083253,1116623010195,https://war-sanctions.gur.gov.ua/ru/rostec/3428,317,unresolved,,,
8138,"АКЦИОНЕРНОЕ ОБЩЕСТВО ""СЕРОВСКИЙ МЕХАНИЧЕСКИЙ ЗАВОД""","АО ""СМЗ""",6680000479,1116680000470,https://war-sanctions.gur.gov.ua/ru/rostec/8138,317,unresolved,,,
3403,"АКЦИОНЕРНОЕ ОБЩЕСТВО ""ВЕРХНЕТУРИНСКИЙ МАШИНОСТРОИТЕЛЬНЫЙ ЗАВОД""","АО ""ВТМЗ""",6681000827,1126681000820,https://war-sanctions.gur.gov.ua/ru/rostec/3403,317,unresolved,,,
640,"АКЦИОНЕРНОЕ ОБЩЕСТВО ""ЗАВОД ""ПЛАСТМАСС""","АО ""ЗАВОД ""ПЛАСТМАСС""",7411009901,1117411001388,https://war-sanctions.gur.gov.ua/ru/rostec/640,317,unresolved,,,
3387,"АКЦИОНЕРНОЕ ОБЩЕСТВО ""СИГНАЛ""","АО ""СИГНАЛ""",7449105883,1117449005310,https://war-sanctions.gur.gov.ua/ru/rostec/3387,317,unresolved,,,
9381,"АКЦИОНЕРНОЕ ОБЩЕСТВО ""НАУЧНО-ИССЛЕДОВАТЕЛЬСКИЙ ИНСТИТУТ ЭЛЕКТРОННЫХ ПРИБОРОВ""","АО ""НИИЭП""",5406695419,1115476164616,https://war-sanctions.gur.gov.ua/ru/rostec/9381,317,unresolved,,,
3396,"АКЦИОНЕРНОЕ ОБЩЕСТВО ""БИЙСКОЕ ПРОИЗВОДСТВЕННОЕ ОБЪЕДИНЕНИЕ ""СИБПРИБОРМАШ""","АО ""БПО ""СИБПРИБОРМАШ""",2204056679,1112204004769,https://war-sanctions.gur.gov.ua/ru/rostec/3396,317,unresolved,,,
9989,"АКЦИОНЕРНОЕ ОБЩЕСТВО ""ОРДЕНА ТРУДОВОГО КРАСНОГО ЗНАМЕНИ СПЕЦИАЛЬНЫЙ НАУЧНО-ИССЛЕДОВАТЕЛЬСКИЙ И ПРОЕКТНЫЙ ИНСТИТУТ СОЮЗПРОМНИИПРОЕКТ""","АО ""СОЮЗПРОМНИИПРОЕКТ""",7724815882,5117746009915,https://war-sanctions.gur.gov.ua/ru/rostec/9989,317,unresolved,,,
3453,"АКЦИОНЕРНОЕ ОБЩЕСТВО ""НАУЧНО-ПРОИЗВОДСТВЕННОЕ ОБЪЕДИНЕНИЕ ""ПОИСК"" ИМЕНИ В.И. РДУЛТОВСКОГО","АО ""НПО ""ПОИСК"" ИМЕНИ В.И. РДУЛТОВСКОГО""",4703142849,1144703004380,https://war-sanctions.gur.gov.ua/ru/rostec/3453,317,unresolved,,,
3384,"АКЦИОНЕРНОЕ ОБЩЕСТВО ""НАУЧНО-ИССЛЕДОВАТЕЛЬСКИЙ ТЕХНОЛОГИЧЕСКИЙ ИНСТИТУТ ИМЕНИ П.И. СНЕГИРЕВА""","АО ""НИТИ ИМ. П.И. СНЕГИРЁВА""",5012071164,1115012006526,https://war-sanctions.gur.gov.ua/ru/rostec/3384,317,unresolved,,,
9333,"АКЦИОНЕРНОЕ ОБЩЕСТВО ""НАУЧНО-ИССЛЕДОВАТЕЛЬСКИЙ ИНЖЕНЕРНЫЙ ИНСТИТУТ""","АО ""НИИИ""",5001086137,1115001009210,https://war-sanctions.gur.gov.ua/ru/rostec/9333,317,unresolved,,,
3388,"АКЦИОНЕРНОЕ ОБЩЕСТВО ""КЕМЕРОВСКИЙ МЕХАНИЧЕСКИЙ ЗАВОД""","АО ""КМЗ""",4205227909,1114205036000,https://war-sanctions.gur.gov.ua/ru/rostec/3388,317,unresolved,,,
624,"АКЦИОНЕРНОЕ ОБЩЕСТВО ""ПРОИЗВОДСТВЕННОЕ ОБЪЕДИНЕНИЕ ""ЗАВОД ИМЕНИ СЕРГО""","АО ""ПОЗИС""",1648032420,1111673003276,https://war-sanctions.gur.gov.ua/ru/rostec/624,317,unresolved,,,
3397,"АКЦИОНЕРНОЕ ОБЩЕСТВО ""РЕМОНТНО-МЕХАНИЧЕСКИЙ ЗАВОД ""ЕНИСЕЙ""","АО ""РМЗ ""ЕНИСЕЙ""",2462034551,1052462056624,https://war-sanctions.gur.gov.ua/ru/rostec/3397,317,unresolved,,,
4647,"АКЦИОНЕРНОЕ ОБЩЕСТВО ""НОВО-ВЯТКА""","АО ""НОВО-ВЯТКА""",4345029946,1034316578680,https://war-sanctions.gur.gov.ua/ru/rostec/4647,317,unresolved,,,
9988,"АКЦИОНЕРНОЕ ОБЩЕСТВО ""СПЕЦХИМИЯ""","АО ""СПЕЦХИМИЯ""",7724859431,1127747292750,https://war-sanctions.gur.gov.ua/ru/rostec/9988,4664,unresolved,,,
9987,"АКЦИОНЕРНОЕ ОБЩЕСТВО ""ДАЛЬНЕВОСТОЧНОЕ ПРОИЗВОДСТВЕННОЕ ОБЪЕДИНЕНИЕ ""ВОСХОД""","АО ""ДВПО ""ВОСХОД""",2706032505,1182724001954,https://war-sanctions.gur.gov.ua/ru/rostec/9987,9988,unresolved,,,
9991,"АКЦИОНЕРНОЕ ОБЩЕСТВО ""РОССИЙСКИЙ НАУЧНЫЙ ЦЕНТР ""ПРИКЛАДНАЯ ХИМИЯ (ГИПХ)""","АО ""РНЦ ""ПРИКЛАДНАЯ ХИМИЯ (ГИПХ)""",7811753760,1207800165264,https://war-sanctions.gur.gov.ua/ru/rostec/9991,9988,matched_name_and_website,2842223,https://hh.ru/employer/2842223,
15256,"ОБЩЕСТВО С ОГРАНИЧЕННОЙ ОТВЕТСТВЕННОСТЬЮ ""ПРИБОРЛАБ""","ООО ""ПРИБОРЛАБ""",7826017900,1027810355308,https://war-sanctions.gur.gov.ua/ru/rostec/15256,9991,unresolved,,,
15255,"ОБЩЕСТВО С ОГРАНИЧЕННОЙ ОТВЕТСТВЕННОСТЬЮ ""НОВЫЕ ТЕХНОЛОГИИ И СЕРВИС""","ООО ""НТС""",7813040813,1037828014510,https://war-sanctions.gur.gov.ua/ru/rostec/15255,9991,unresolved,,,
7128,"ФЕДЕРАЛЬНОЕ КАЗЕННОЕ ПРЕДПРИЯТИЕ ""ПЕРМСКИЙ ПОРОХОВОЙ ЗАВОД""","ФКП ""ПЕРМСКИЙ ПОРОХОВОЙ ЗАВОД""",5908006119,1025901604156,https://war-sanctions.gur.gov.ua/ru/rostec/7128,9988,unresolved,,,
15254,"ОБЩЕСТВО С ОГРАНИЧЕННОЙ ОТВЕТСТВЕННОСТЬЮ НАУЧНО-ПРОИЗВОДСТВЕННОЕ ПРЕДПРИЯТИЕ ""УРЕТАНМАШ""","ООО НПП ""УРЕТАНМАШ""",5908005002,1025901608017,https://war-sanctions.gur.gov.ua/ru/rostec/15254,7128,unresolved,,,
4788,"ФЕДЕРАЛЬНОЕ КАЗЕННОЕ ПРЕДПРИЯТИЕ ""КАЗАНСКИЙ ГОСУДАРСТВЕННЫЙ КАЗЕННЫЙ ПОРОХОВОЙ ЗАВОД""","ФКП ""КГКПЗ""",1656025681,1031624002937,https://war-sanctions.gur.gov.ua/ru/rostec/4788,9988,unresolved,,,
8386,"ФЕДЕРАЛЬНОЕ КАЗЕННОЕ ПРЕДПРИЯТИЕ ""АНОЗИТ""","ФКП ""АНОЗИТ""",5452112527,1065471010340,https://war-sanctions.gur.gov.ua/ru/rostec/8386,9988,unresolved,,,
14274,"АКЦИОНЕРНОЕ ОБЩЕСТВО ""ФЕДЕРАЛЬНЫЙ ЦЕНТР ДВОЙНЫХ ТЕХНОЛОГИЙ ""СОЮЗ""","АО ""ФЦДТ ""СОЮЗ""",5027333849,1245000132937,https://war-sanctions.gur.gov.ua/ru/rostec/14274,9988,unresolved,,,
9948,"АКЦИОНЕРНОЕ ОБЩЕСТВО ""ИСПЫТАТЕЛЬНО-КОНТРАКТНОЕ ПРЕДПРИЯТИЕ ""РИТМ""","АО ""ИКП ""РИТМ""",7724938595,5147746177090,https://war-sanctions.gur.gov.ua/ru/rostec/9948,9988,unresolved,,,
15253,"АКЦИОНЕРНОЕ ОБЩЕСТВО ""РАСЧЕТ""","АО ""РАСЧЕТ""",7724817897,5117746059350,https://war-sanctions.gur.gov.ua/ru/rostec/15253,9988,unresolved,,,
15252,"АКЦИОНЕРНОЕ ОБЩЕСТВО ""ТЕХМАШСЕРВИС""","АО ""ТЕХМАШСЕРВИС""",7743945541,5147746314579,https://war-sanctions.gur.gov.ua/ru/rostec/15252,9988,unresolved,,,
4333,"АКЦИОНЕРНОЕ ОБЩЕСТВО ""СОЛИКАМСКИЙ ЗАВОД ""УРАЛ""","АО ""СОЛИКАМСКИЙ ЗАВОД ""УРАЛ""",5919015877,1115919002561,https://war-sanctions.gur.gov.ua/ru/rostec/4333,9988,unresolved,,,
9380,"АКЦИОНЕРНОЕ ОБЩЕСТВО ""НАУЧНО-ИССЛЕДОВАТЕЛЬСКИЙ ИНСТИТУТ ПОЛИМЕРНЫХ МАТЕРИАЛОВ""","АО ""НИИПМ""",5908051070,1125908001670,https://war-sanctions.gur.gov.ua/ru/rostec/9380,9988,unresolved,,,
15251,"ОБЩЕСТВО С ОГРАНИЧЕННОЙ ОТВЕТСТВЕННОСТЬЮ ""ЛЕЧЕБНО-ПРОФИЛАКТИЧЕСКОЕ ПРЕДПРИЯТИЕ САНАТОРИЙ-ПРОФИЛАКТОРИЙ ""АЛМЕД""","ООО ""ЛПП СП ""АЛМЕД""",5908006599,1025901605278,https://war-sanctions.gur.gov.ua/ru/rostec/15251,9380,unresolved,,,
8118,"АКЦИОНЕРНОЕ ОБЩЕСТВО ""МУРОМСКИЙ ПРИБОРОСТРОИТЕЛЬНЫЙ ЗАВОД""","АО ""МПЗ""",3334017070,1113334001879,https://war-sanctions.gur.gov.ua/ru/rostec/8118,9988,unresolved,,,
7222,"АКЦИОНЕРНОЕ ОБЩЕСТВО ""НАУЧНО-ПРОИЗВОДСТВЕННОЕ ПРЕДПРИЯТИЕ ""КРАСНОЗНАМЁНЕЦ""","АО ""НПП ""КРАСНОЗНАМЁНЕЦ""",7806469104,1117847684041,https://war-sanctions.gur.gov.ua/ru/rostec/7222,9988,unresolved,,,
15250,"ОБЩЕСТВО С ОГРАНИЧЕННОЙ ОТВЕТСТВЕННОСТЬЮ ""ОХТАПРОМДЕТАЛЬ""","ООО ""ОХТАПРОМДЕТАЛЬ""",7806556950,1197847041831,https://war-sanctions.gur.gov.ua/ru/rostec/15250,7222,unresolved,,,
15214,"ОБЩЕСТВО С ОГРАНИЧЕННОЙ ОТВЕТСТВЕННОСТЬЮ ""СПЕЦВМТЕХ""","ООО ""СПЕЦВМТЕХ""",7701080092,1157746094660,https://war-sanctions.gur.gov.ua/ru/rostec/15214,9988,unresolved,,,
15249,"ОБЩЕСТВО С ОГРАНИЧЕННОЙ ОТВЕТСТВЕННОСТЬЮ ""ДОНВЗРЫВПРОМ ""","ООО ""ДОНВЗРЫВПРОМ""",6125022265,1046125002813,https://war-sanctions.gur.gov.ua/ru/rostec/15249,15214,unresolved,,,
15248,"ОБЩЕСТВО С ОГРАНИЧЕННОЙ ОТВЕТСТВЕННОСТЬЮ ""ВЗРЫВСТРОЙ""","ООО ""ВЗРЫВСТРОЙ""",4029025654,1024001427614,https://war-sanctions.gur.gov.ua/ru/rostec/15248,15214,unresolved,,,
9993,"АКЦИОНЕРНОЕ ОБЩЕСТВО ""НОВОСИБИРСКИЙ МЕХАНИЧЕСКИЙ ЗАВОД ""ИСКРА""","АО ""НМЗ ""ИСКРА""",5410039642,1115476008890,https://war-sanctions.gur.gov.ua/ru/rostec/9993,15214,unresolved,,,
15247,"ОБЩЕСТВО С ОГРАНИЧЕННОЙ ОТВЕТСТВЕННОСТЬЮ ""ЭРА-ДАН""","ООО ""ЭРА-ДАН""",4205285474,1144205005670,https://war-sanctions.gur.gov.ua/ru/rostec/15247,15214,unresolved,,,
371,"АКЦИОНЕРНОЕ ОБЩЕСТВО ""ФЕДЕРАЛЬНЫЙ НАУЧНО-ПРОИЗВОДСТВЕННЫЙ ЦЕНТР ""НАУЧНО-ИССЛЕДОВАТЕЛЬСКИЙ ИНСТИТУТ ПРИКЛАДНОЙ ХИМИИ""","АО ""ФНПЦ ""НИИ ПРИКЛАДНОЙ ХИМИИ""",5042120394,1115042005638,https://war-sanctions.gur.gov.ua/ru/rostec/371,9988,matched_name_and_website,2061965,https://hh.ru/employer/2061965,
15246,"ОБЩЕСТВО С ОГРАНИЧЕННОЙ ОТВЕТСТВЕННОСТЬЮ ""ПИРОТЕХНИЧЕСКИЕ ТЕХНОЛОГИИ""","ООО ""ПИРОТЕХНИЧЕСКИЕ ТЕХНОЛОГИИ""",5042139606,1155042004743,https://war-sanctions.gur.gov.ua/ru/rostec/15246,371,unresolved,,,
5135,"АКЦИОНЕРНОЕ ОБЩЕСТВО ""ЧЕБОКСАРСКОЕ ПРОИЗВОДСТВЕННОЕ ОБЪЕДИНЕНИЕ ИМЕНИ В.И.ЧАПАЕВА""","АО ""ЧПО ИМ. В.И.ЧАПАЕВА""",2130095159,1112130014325,https://war-sanctions.gur.gov.ua/ru/rostec/5135,9988,unresolved,,,
9339,"АКЦИОНЕРНОЕ ОБЩЕСТВО ""КРАСНОЗАВОДСКИЙ ХИМИЧЕСКИЙ ЗАВОД""","АО ""КРАСНОЗАВОДСКИЙ ХИМИЧЕСКИЙ ЗАВОД""",5042126251,1125042006462,https://war-sanctions.gur.gov.ua/ru/rostec/9339,9988,unresolved,,,
4641,"АКЦИОНЕРНОЕ ОБЩЕСТВО ""КАЛИНОВСКИЙ ХИМИЧЕСКИЙ ЗАВОД""","АО ""КХЗ""",6621001262,1026601326597,https://war-sanctions.gur.gov.ua/ru/rostec/4641,9988,unresolved,,,
5958,"АКЦИОНЕРНОЕ ОБЩЕСТВО ""ГОСУДАРСТВЕННЫЙ НАУЧНО-ИССЛЕДОВАТЕЛЬСКИЙ ИНСТИТУТ ""КРИСТАЛЛ""","АО ""ГОСНИИ ""КРИСТАЛЛ""",5249116549,1115249009831,https://war-sanctions.gur.gov.ua/ru/rostec/5958,9988,unresolved,,,
16338,"АКЦИОНЕРНОЕ ОБЩЕСТВО ""АНОЗИТ""","АО ""АНОЗИТ""",5402092000,1265400018432,https://war-sanctions.gur.gov.ua/ru/rostec/16338,9988,unresolved,,,
15245,"ОБЩЕСТВО С ОГРАНИЧЕННОЙ ОТВЕТСТВЕННОСТЬЮ ""ТОР""","ООО ""ТОР""",7106084860,1187154030260,https://war-sanctions.gur.gov.ua/ru/rostec/15245,4664,unresolved,,,
3389,"АКЦИОНЕРНОЕ ОБЩЕСТВО ""АКЦИОНЕРНАЯ КОМПАНИЯ ""ТУЛАМАШЗАВОД""","АО ""АК ""ТУЛАМАШЗАВОД""",7106002836,1027100507114,https://war-sanctions.gur.gov.ua/ru/rostec/3389,15245,unresolved,,,
474,"ПУБЛИЧНОЕ АКЦИОНЕРНОЕ ОБЩЕСТВО ""ИМПЕРАТОРСКИЙ ТУЛЬСКИЙ ОРУЖЕЙНЫЙ ЗАВОД""","ПАО ""ИМПЕРАТОРСКИЙ ТУЛЬСКИЙ ОРУЖЕЙНЫЙ ЗАВОД""",7107003303,1027100507147,https://war-sanctions.gur.gov.ua/ru/rostec/474,15245,unresolved,,,
3393,"АКЦИОНЕРНОЕ ОБЩЕСТВО ""ТУЛАТОЧМАШ""","АО ""ТУЛАТОЧМАШ""",7106002829,1027100738565,https://war-sanctions.gur.gov.ua/ru/rostec/3393,15245,unresolved,,,
9944,"ФЕДЕРАЛЬНОЕ КАЗЕННОЕ ПРЕДПРИЯТИЕ ""САРАНСКИЙ МЕХАНИЧЕСКИЙ ЗАВОД""","ФКП ""СМЗ""",1325126777,1021300976058,https://war-sanctions.gur.gov.ua/ru/rostec/9944,4664,unresolved,,,
8388,"ФЕДЕРАЛЬНОЕ КАЗЕННОЕ ПРЕДПРИЯТИЕ ""КОМБИНАТ ""КАМЕНСКИЙ""","ФКП ""КОМБИНАТ ""КАМЕНСКИЙ""",6147025090,1066147003658,https://war-sanctions.gur.gov.ua/ru/rostec/8388,4664,unresolved,,,
8143,"ФЕДЕРАЛЬНОЕ КАЗЕННОЕ ПРЕДПРИЯТИЕ ""ЗАВОД ИМЕНИ Я.М.СВЕРДЛОВА""","ФКП ""ЗАВОД ИМЕНИ Я.М.СВЕРДЛОВА""",5249002485,1025201752982,https://war-sanctions.gur.gov.ua/ru/rostec/8143,4664,unresolved,,,
9990,"ФЕДЕРАЛЬНОЕ КАЗЕННОЕ ПРЕДПРИЯТИЕ ""ГОСУДАРСТВЕННЫЙ НАУЧНО-ИССЛЕДОВАТЕЛЬСКИЙ ИНСТИТУТ ХИМИЧЕСКИХ ПРОДУКТОВ""","ФКП ""ГОСНИИХП""",1656003409,1021603067683,https://war-sanctions.gur.gov.ua/ru/rostec/9990,4664,unresolved,,,
8385,"ФЕДЕРАЛЬНОЕ КАЗЕННОЕ ПРЕДПРИЯТИЕ ""АЛЕКСИНСКИЙ ХИМИЧЕСКИЙ КОМБИНАТ""",ФКП АХК,7111003056,1027100507510,https://war-sanctions.gur.gov.ua/ru/rostec/8385,4664,unresolved,,,
8140,"ФЕДЕРАЛЬНОЕ КАЗЕННОЕ ПРЕДПРИЯТИЕ ""АВАНГАРД""","ФКП ""АВАНГАРД""",0268005588,1020202089115,https://war-sanctions.gur.gov.ua/ru/rostec/8140,4664,unresolved,,,
8142,"ФЕДЕРАЛЬНОЕ КАЗЕННОЕ ПРЕДПРИЯТИЕ ""ТАМБОВСКИЙ ПОРОХОВОЙ ЗАВОД""",ФКП ТПЗ,6825000757,1026801010994,https://war-sanctions.gur.gov.ua/ru/rostec/8142,4664,unresolved,,,
15244,"АКЦИОНЕРНОЕ ОБЩЕСТВО ""НАУЧНО-ИССЛЕДОВАТЕЛЬСКИЙ ИНСТИТУТ АЭРОУПРУГИХ СИСТЕМ""","АО ""НИИ АУС""",9108129461,1249100000720,https://war-sanctions.gur.gov.ua/ru/rostec/15244,4664,unresolved,,,
15243,"АКЦИОНЕРНОЕ ОБЩЕСТВО ""ЗАВОД ИМЕНИ МОРОЗОВА""","АО ""ЗАВОД ИМЕНИ МОРОЗОВА""",4706089872,1254700010223,https://war-sanctions.gur.gov.ua/ru/rostec/15243,4664,unresolved,,,
14290,"АКЦИОНЕРНОЕ ОБЩЕСТВО ""ЦЕНТР АВТОНОМНЫХ РОБОТИЗИРОВАННЫХ СИСТЕМ""","АО ""ЦАРС""",7720896136,1237700299473,https://war-sanctions.gur.gov.ua/ru/rostec/14290,4664,unresolved,,,
14635,"АКЦИОНЕРНОЕ ОБЩЕСТВО ""САМАРСКИЙ ЭЛЕКТРОМЕХАНИЧЕСКИЙ ЗАВОД""","АО ""СЭМЗ""",6317088527,1116317006299,https://war-sanctions.gur.gov.ua/ru/rostec/14635,4664,unresolved,,,
15242,"АКЦИОНЕРНОЕ ОБЩЕСТВО ""ГОСУДАРСТВЕННЫЙ ПРОЕКТНО-КОНСТРУКТОРСКИЙ И НАУЧНО-ИССЛЕДОВАТЕЛЬСКИЙ ИНСТИТУТ АВИАЦИОННОЙ ПРОМЫШЛЕННОСТИ""","АО ""ГИПРОНИИАВИАПРОМ""",7714013456,1027700012867,https://war-sanctions.gur.gov.ua/ru/rostec/15242,4664,unresolved,,,
15241,"ОБЩЕСТВО С ОГРАНИЧЕННОЙ ОТВЕТСТВЕННОСТЬЮ ""ИНТЕГРЕЙТЕД СИСТЕМС МЕНЕДЖМЕНТ""","ООО ""ИСМ""",7706659849,5077746868117,https://war-sanctions.gur.gov.ua/ru/rostec/15241,4664,unresolved,,,
15240,"ОБЩЕСТВО С ОГРАНИЧЕННОЙ ОТВЕТСТВЕННОСТЬЮ ""ФРАКДЖЕТ-ТУЛЗ""","ООО ""ФД-ТУЛЗ""",7148000069,1207100008510,https://war-sanctions.gur.gov.ua/ru/rostec/15240,4664,unresolved,,,
15239,"ОБЩЕСТВО С ОГРАНИЧЕННОЙ ОТВЕТСТВЕННОСТЬЮ ""РЕАЛ-ГРУПП""","ООО ""РЕАЛ-ГРУПП""",7604359998,1197627021921,https://war-sanctions.gur.gov.ua/ru/rostec/15239,4664,unresolved,,,
3547,"ОБЩЕСТВО С ОГРАНИЧЕННОЙ ОТВЕТСТВЕННОСТЬЮ ""БЮРО ЦИФРОВОЙ ТРАНСФОРМАЦИИ""","ООО ""БЦТ""",7701995565,1137746344834,https://war-sanctions.gur.gov.ua/ru/rostec/3547,4664,unresolved,,,
3537,"АКЦИОНЕРНОЕ ОБЩЕСТВО ""НАУЧНО-ПРОИЗВОДСТВЕННОЕ ОБЪЕДИНЕНИЕ ПАРАШЮТОСТРОЕНИЯ""","АО ""НПО ПАРАШЮТОСТРОЕНИЯ""",7718922861,1137746157394,https://war-sanctions.gur.gov.ua/ru/rostec/3537,4664,unresolved,,,
3375,"АКЦИОНЕРНОЕ ОБЩЕСТВО ""УФИМСКОЕ АГРЕГАТНОЕ ПРОИЗВОДСТВЕННОЕ ОБЪЕДИНЕНИЕ""","АО ""УАПО""",0275074279,1110280035040,https://war-sanctions.gur.gov.ua/ru/rostec/3375,4664,unresolved,,,
3546,"ОБЩЕСТВО С ОГРАНИЧЕННОЙ ОТВЕТСТВЕННОСТЬЮ ""ВИДИС ГРУПП""","ООО ""ВИДИС ГРУПП""",7717683498,1107746791910,https://war-sanctions.gur.gov.ua/ru/rostec/3546,4664,unresolved,,,
3533,"АКЦИОНЕРНОЕ ОБЩЕСТВО ""АВИАЦИОННО-СЕРВИСНЫЙ ЦЕНТР ""АВИАЦИОННОЕ ОБОРУДОВАНИЕ""","АО ""АСЦ ""АВИАЦИОННОЕ ОБОРУДОВАНИЕ""",7705913563,1107746232153,https://war-sanctions.gur.gov.ua/ru/rostec/3533,4664,unresolved,,,
3529,"АКЦИОНЕРНОЕ ОБЩЕСТВО ""КОТЛАССКИЙ ЭЛЕКТРОМЕХАНИЧЕСКИЙ ЗАВОД""","АО ""КОТЛАССКИЙ ЭМЗ""",2904021840,1102904000220,https://war-sanctions.gur.gov.ua/ru/rostec/3529,4664,unresolved,,,
15213,"ОБЩЕСТВО С ОГРАНИЧЕННОЙ ОТВЕТСТВЕННОСТЬЮ ""ЦЕНТРСТРОЙИНВЕСТ""","ООО ""ЦЕНТРСТРОЙИНВЕСТ""",7710633804,1067746735264,https://war-sanctions.gur.gov.ua/ru/rostec/15213,4664,unresolved,,,
15238,"ОБЩЕСТВО С ОГРАНИЧЕННОЙ ОТВЕТСТВЕННОСТЬЮ ""ТЕХМЕТ18""","ООО ""ТЕХМЕТ18""",5027269819,1185027022894,https://war-sanctions.gur.gov.ua/ru/rostec/15238,15213,unresolved,,,
8387,"ФЕДЕРАЛЬНОЕ КАЗЕННОЕ ПРЕДПРИЯТИЕ ""НАУЧНО-ПРОИЗВОДСТВЕННОЕ ОБЪЕДИНЕНИЕ ""КАЗАНСКИЙ ЗАВОД ТОЧНОГО МАШИНОСТРОЕНИЯ""","ФКП ""НПО ""КЗТМ""",1654001773,1021602829115,https://war-sanctions.gur.gov.ua/ru/rostec/8387,4664,unresolved,,,
11718,"ОБЩЕСТВО С ОГРАНИЧЕННОЙ ОТВЕТСТВЕННОСТЬЮ ""ПРОГРЕСС""","ООО ""ПРОГРЕСС""",6335000885,1026303177218,https://war-sanctions.gur.gov.ua/ru/rostec/11718,4664,unresolved,,,
12408,"АКЦИОНЕРНОЕ ОБЩЕСТВО ""НАУЧНО-ПРОИЗВОДСТВЕННОЕ ОБЪЕДИНЕНИЕ ""ОПЫТНО-КОНСТРУКТОРСКОЕ БЮРО ИМЕНИ М.П. СИМОНОВА""","АО НПО ""ОКБ ИМ. М.П. СИМОНОВА""",1661007166,1021603886622,https://war-sanctions.gur.gov.ua/ru/rostec/12408,4664,matched_name_and_website,561040,https://hh.ru/employer/561040,
642,"АКЦИОНЕРНОЕ ОБЩЕСТВО ""УРАЛЬСКИЙ ЗАВОД ГРАЖДАНСКОЙ АВИАЦИИ""","АО ""УЗГА""",6664013640,1026605766560,https://war-sanctions.gur.gov.ua/ru/rostec/642,4664,unresolved,,,
2478,"АКЦИОНЕРНОЕ ОБЩЕСТВО ""КОНСТРУКТОРСКОЕ БЮРО ""ЛУЧ""","АО ""КБ ""ЛУЧ""",7610063043,1047601614390,https://war-sanctions.gur.gov.ua/ru/rostec/2478,642,unresolved,,,
11720,"ОБЩЕСТВО С ОГРАНИЧЕННОЙ ОТВЕТСТВЕННОСТЬЮ ""АВИАИНВЕСТ""","ООО ""АВИАИНВЕСТ""",6686148915,1236600005498,https://war-sanctions.gur.gov.ua/ru/rostec/11720,642,unresolved,,,
648,"ОБЩЕСТВО С ОГРАНИЧЕННОЙ ОТВЕТСТВЕННОСТЬЮ ""СПЕЦАВИАТЕХНИКА""","ООО ""СПЕЦАВИАТЕХНИКА""",6685184854,1216600016918,https://war-sanctions.gur.gov.ua/ru/rostec/648,642,unresolved,,,
15237,"ЧАСТНОЕ ДОШКОЛЬНОЕ ОБРАЗОВАТЕЛЬНОЕ УЧРЕЖДЕНИЕ ""ДЕТСКИЙ САД №584""","ЧДОУ ""ДЕТСКИЙ САД № 584""",6679996512,1136600000107,https://war-sanctions.gur.gov.ua/ru/rostec/15237,642,unresolved,,,
15236,"ОБЩЕСТВО С ОГРАНИЧЕННОЙ ОТВЕТСТВЕННОСТЬЮ ""ВОЛГА-ИНТЕРЬЕРЫ""","ООО ""ВОЛГА-ИНТЕРЬЕРЫ""",7300017791,1237300004072,https://war-sanctions.gur.gov.ua/ru/rostec/15236,642,unresolved,,,
644,"ОБЩЕСТВО С ОГРАНИЧЕННОЙ ОТВЕТСТВЕННОСТЬЮ ""УЗГА-ИНЖИНИРИНГ""","ООО ""УЗГА-ИНЖИНИРИНГ""",7329027986,1187325010674,https://war-sanctions.gur.gov.ua/ru/rostec/644,642,unresolved,,,
15235,"ОБЩЕСТВО С ОГРАНИЧЕННОЙ ОТВЕТСТВЕННОСТЬЮ ""БАЙКАЛ-ИНЖИНИРИНГ""","ООО ""БАЙКАЛ-ИНЖИНИРИНГ""",0326566225,1190327002953,https://war-sanctions.gur.gov.ua/ru/rostec/15235,642,unresolved,,,
15234,"ОБЩЕСТВО С ОГРАНИЧЕННОЙ ОТВЕТСТВЕННОСТЬЮ ""ТЕХНОДЖЕТ""","ООО ""ТЕХНОДЖЕТ""",7702332296,1027739310169,https://war-sanctions.gur.gov.ua/ru/rostec/15234,642,unresolved,,,
9986,"АКЦИОНЕРНОЕ ОБЩЕСТВО ""МЕХАНИЧЕСКИЙ ЗАВОД""","АО ""МЕХАНИЧЕСКИЙ ЗАВОД""",5614057287,1115658026131,https://war-sanctions.gur.gov.ua/ru/rostec/9986,4664,unresolved,,,
3548,"АКЦИОНЕРНОЕ ОБЩЕСТВО ""ИНЖИНИРИНГОВЫЙ ЦЕНТР ТЕХНОДИНАМИКА""","АО ""ИНЖИНИРИНГОВЫЙ ЦЕНТР ТЕХНОДИНАМИКА""",9705126626,5187746023031,https://war-sanctions.gur.gov.ua/ru/rostec/3548,4664,unresolved,,,
5924,"АКЦИОНЕРНОЕ ОБЩЕСТВО ""СПЕЦИАЛЬНОЕ КОНСТРУКТОРСКОЕ БЮРО""","АО ""СКБ""",5906034720,1025901364026,https://war-sanctions.gur.gov.ua/ru/rostec/5924,4664,unresolved,,,
5923,"ОБЩЕСТВО С ОГРАНИЧЕННОЙ ОТВЕТСТВЕННОСТЬЮ ""МОТОВИЛИХА - ГРАЖДАНСКОЕ МАШИНОСТРОЕНИЕ""","ООО ""МГМ""",5906034209,1025901366611,https://war-sanctions.gur.gov.ua/ru/rostec/5923,5924,matched_name_and_website,3654805,https://hh.ru/employer/3654805,
15233,"ОБЩЕСТВО С ОГРАНИЧЕННОЙ ОТВЕТСТВЕННОСТЬЮ ""ТЕПЛО-М""","ООО ""ТЕПЛО-М""",5906042295,1025901366545,https://war-sanctions.gur.gov.ua/ru/rostec/15233,5924,unresolved,,,
3643,"АКЦИОНЕРНОЕ ОБЩЕСТВО ""53 АРСЕНАЛ""","АО ""53 АРСЕНАЛ""",5214010100,1105249001120,https://war-sanctions.gur.gov.ua/ru/rostec/3643,4664,unresolved,,,
15232,"ОБЩЕСТВО С ОГРАНИЧЕННОЙ ОТВЕТСТВЕННОСТЬЮ ""МАКОШЬ""","ООО ""МАКОШЬ""",5249180103,1235200017337,https://war-sanctions.gur.gov.ua/ru/rostec/15232,3643,unresolved,,,
1840,"АКЦИОНЕРНОЕ ОБЩЕСТВО ""КАМЕНСК-УРАЛЬСКИЙ ЛИТЕЙНЫЙ ЗАВОД""","АО ""КУЛЗ""",6666000100,1026600931675,https://war-sanctions.gur.gov.ua/ru/rostec/1840,4664,unresolved,,,
3543,"АКЦИОНЕРНОЕ ОБЩЕСТВО ""НАУЧНО-ПРОИЗВОДСТВЕННОЕ ПРЕДПРИЯТИЕ ""СТАРТ"" ИМ. А.И. ЯСКИНА""","АО ""НПП ""СТАРТ"" ИМ. А.И. ЯСКИНА""",6662054224,1026605387951,https://war-sanctions.gur.gov.ua/ru/rostec/3543,4664,unresolved,,,
3544,"АКЦИОНЕРНОЕ ОБЩЕСТВО ""САРАПУЛЬСКИЙ ЭЛЕКТРОГЕНЕРАТОРНЫЙ ЗАВОД""","АО ""СЭГЗ""",1827001683,1021800992190,https://war-sanctions.gur.gov.ua/ru/rostec/3544,4664,unresolved,,,
15231,"ОБЩЕСТВО С ОГРАНИЧЕННОЙ ОТВЕТСТВЕННОСТЬЮ ""ЭГЗ-ЗДОРОВЬЕ""","ООО ""ЭГЗ-ЗДОРОВЬЕ""",1827003761,1021800996986,https://war-sanctions.gur.gov.ua/ru/rostec/15231,3544,unresolved,,,
15230,"ОБЩЕСТВО С ОГРАНИЧЕННОЙ ОТВЕТСТВЕННОСТЬЮ ""ЭГЗ-ТЕРМАКС""","ООО ""ЭГЗ-ТЕРМАКС""",1827011000,1051801401783,https://war-sanctions.gur.gov.ua/ru/rostec/15230,3544,unresolved,,,
15229,"ОБЩЕСТВО С ОГРАНИЧЕННОЙ ОТВЕТСТВЕННОСТЬЮ ""ВЕЛЛИФТ""","ООО ""ВЕЛЛИФТ""",5074112460,1095074006280,https://war-sanctions.gur.gov.ua/ru/rostec/15229,3544,unresolved,,,
15228,"ОБЩЕСТВО С ОГРАНИЧЕННОЙ ОТВЕТСТВЕННОСТЬЮ ""КОНСТРУКТОРСКОЕ БЮРО ""СЭГЗ-ЭЛЕКТРОМАШ""","ООО ""КБ ""ЭЛЕКТРОМАШ""",1831159345,1131831001807,https://war-sanctions.gur.gov.ua/ru/rostec/15228,3544,unresolved,,,
3531,"АКЦИОНЕРНОЕ ОБЩЕСТВО ""ЭЛЕКТРОПРИВОД""","АО ""ЭЛЕКТРОПРИВОД""",4345000922,1024301320856,https://war-sanctions.gur.gov.ua/ru/rostec/3531,4664,unresolved,,,
3539,"АКЦИОНЕРНОЕ ОБЩЕСТВО ""МАШИНОСТРОИТЕЛЬНОЕ ПРОИЗВОДСТВЕННОЕ ОБЪЕДИНЕНИЕ ИМЕНИ И. РУМЯНЦЕВА""","АО ""МПО ИМ. И. РУМЯНЦЕВА""",7714081921,1027739001025,https://war-sanctions.gur.gov.ua/ru/rostec/3539,4664,matched_name_and_website,3624,https://hh.ru/employer/3624,
3541,"АКЦИОНЕРНОЕ ОБЩЕСТВО ""НАУЧНО-ПРОИЗВОДСТВЕННОЕ ПРЕДПРИЯТИЕ ""ЗВЕЗДА"" ИМЕНИ АКАДЕМИКА Г.И. СЕВЕРИНА""","АО ""НПП ""ЗВЕЗДА""",5027030107,1025003219515,https://war-sanctions.gur.gov.ua/ru/rostec/3541,4664,unresolved,,,
3540,"АКЦИОНЕРНОЕ ОБЩЕСТВО ""ОПЫТНОЕ КОНСТРУКТОРСКОЕ БЮРО ""КРИСТАЛЛ""","АО ""ОКБ ""КРИСТАЛЛ""",7720015691,1027739249009,https://war-sanctions.gur.gov.ua/ru/rostec/3540,4664,unresolved,,,
10012,"АКЦИОНЕРНОЕ ОБЩЕСТВО ""ГИДРОАГРЕГАТ""","АО ""ГИДРОАГРЕГАТ""",5252000470,1025202124100,https://war-sanctions.gur.gov.ua/ru/rostec/10012,4664,unresolved,,,
3542,"ОТКРЫТОЕ АКЦИОНЕРНОЕ ОБЩЕСТВО ""ЭЛЕКТРОМАШИНОСТРОИТЕЛЬНЫЙ ЗАВОД ""ВЭЛКОНТ""","ОАО ""ВЭЛКОНТ""",4341009610,1024300749087,https://war-sanctions.gur.gov.ua/ru/rostec/3542,4664,matched_name_and_website,4501363,https://hh.ru/employer/4501363,
15227,"ООО ""ТОРГОВЫЙ ДОМ ""ВЭЛКОНТ""","ООО ""ТОРГОВЫЙ ДОМ ""ВЭЛКОНТ""",4341014339,1024300751793,https://war-sanctions.gur.gov.ua/ru/rostec/15227,3542,unresolved,,,
15226,"ОБЩЕСТВО С ОГРАНИЧЕННОЙ ОТВЕТСТВЕННОСТЬЮ ""ТЦ""","ООО ""ТЦ""",4345348075,1134345001317,https://war-sanctions.gur.gov.ua/ru/rostec/15226,3542,unresolved,,,
3538,"АКЦИОНЕРНОЕ ОБЩЕСТВО ""АВИААГРЕГАТ""","АО ""АВИААГРЕГАТ""",6319031396,1026301708575,https://war-sanctions.gur.gov.ua/ru/rostec/3538,4664,unresolved,,,
3373,"АКЦИОНЕРНОЕ ОБЩЕСТВО ""НАУЧНО-ПРОИЗВОДСТВЕННОЕ ПРЕДПРИЯТИЕ ""РЕСПИРАТОР""","АО ""НПП ""РЕСПИРАТОР""",5034050231,1025004583108,https://war-sanctions.gur.gov.ua/ru/rostec/3373,4664,unresolved,,,
3534,"АКЦИОНЕРНОЕ ОБЩЕСТВО ""МОСКОВСКИЙ КОНСТРУКТОРСКО-ПРОИЗВОДСТВЕННЫЙ КОМПЛЕКС ""УНИВЕРСАЛ"" ИМЕНИ АЛЕКСЕЯ ИВАНОВИЧА ПРИВАЛОВА""","АО ""МКПК ""УНИВЕРСАЛ"" ИМ. А.И. ПРИВАЛОВА""",7715995332,1147746267030,https://war-sanctions.gur.gov.ua/ru/rostec/3534,4664,unresolved,,,
15225,"АКЦИОНЕРНОЕ ОБЩЕСТВО ""ИВАНОВСКАЯ ТЕКСТИЛЬНО-ГАЛАНТЕРЕЙНАЯ ФАБРИКА""","АО ""ИТГФ""",3731001069,1033700072988,https://war-sanctions.gur.gov.ua/ru/rostec/15225,4664,unresolved,,,
3532,"АКЦИОНЕРНОЕ ОБЩЕСТВО ""НАУЧНО-ИССЛЕДОВАТЕЛЬСКИЙ ИНСТИТУТ ТЕКСТИЛЬНЫХ МАТЕРИАЛОВ""","АО ""НИИТМ""",7719600458,5067746105587,https://war-sanctions.gur.gov.ua/ru/rostec/3532,4664,unresolved,,,
3549,"АКЦИОНЕРНОЕ ОБЩЕСТВО ""ПОЛЕТ"" ИВАНОВСКИЙ ПАРАШЮТНЫЙ ЗАВОД","АО ""ПОЛЕТ""",3731001750,1023700537970,https://war-sanctions.gur.gov.ua/ru/rostec/3549,4664,unresolved,,,
4639,"АКЦИОНЕРНОЕ ОБЩЕСТВО ""УЛЬЯНОВСКИЙ ГОСУДАРСТВЕННЫЙ ПРОЕКТНО-КОНСТРУКТОРСКИЙ ИНСТИТУТ АВИАЦИОННОЙ ПРОМЫШЛЕННОСТИ""","АО ""УЛЬЯНОВСКИЙ ГИПРОАВИАПРОМ""",7328046337,1027301584353,https://war-sanctions.gur.gov.ua/ru/rostec/4639,4664,unresolved,,,
1900,"АКЦИОНЕРНОЕ ОБЩЕСТВО ""УФИМСКОЕ АГРЕГАТНОЕ ПРЕДПРИЯТИЕ ""ГИДРАВЛИКА""","АО ""УАП ""ГИДРАВЛИКА""",0278179819,1110280031531,https://war-sanctions.gur.gov.ua/ru/rostec/1900,4664,unresolved,,,
3545,"АКЦИОНЕРНОЕ ОБЩЕСТВО ""СОЛНЕЧНОГОРСКИЙ МЕХАНИЧЕСКИЙ ЗАВОД""","АО ""СМЗ""",5044000254,1025005687717,https://war-sanctions.gur.gov.ua/ru/rostec/3545,4664,unresolved,,,
15224,"ОБЩЕСТВО С ОГРАНИЧЕННОЙ ОТВЕТСТВЕННОСТЬЮ ""ПОДСОБНОЕ ХОЗЯЙСТВО ""НЕСТЕРОВО""","ООО ""ПОДСОБНОЕ ХОЗЯЙСТВО ""НЕСТЕРОВО""",6924010724,1026900589088,https://war-sanctions.gur.gov.ua/ru/rostec/15224,3545,unresolved,,,
15212,"АКЦИОНЕРНОЕ ОБЩЕСТВО ""КАЗАНСКИЙ ГИПРОНИИАВИАПРОМ"" ИМЕНИ Б.И. ТИХОМИРОВА""","АО ""КАЗАНСКИЙ ГИПРОНИИАВИАПРОМ"" ИМ. Б.И. ТИХОМИРОВА""",1657002101,1021603882640,https://war-sanctions.gur.gov.ua/ru/rostec/15212,4664,unresolved,,,
15223,"ОБЩЕСТВО С ОГРАНИЧЕННОЙ ОТВЕТСТВЕННОСТЬЮ ""АЛЬЯНССТРОЙПРОЕКТ""","ООО ""АЛЬЯНССТРОЙПРОЕКТ""",1656077961,1141690047883,https://war-sanctions.gur.gov.ua/ru/rostec/15223,15212,unresolved,,,
15222,"ОБЩЕСТВО С ОГРАНИЧЕННОЙ ОТВЕТСТВЕННОСТЬЮ ""ПАРТУМ""","ООО ""ПАРТУМ""",1657237061,1171690044492,https://war-sanctions.gur.gov.ua/ru/rostec/15222,15212,unresolved,,,
15221,"ОБЩЕСТВО С ОГРАНИЧЕННОЙ ОТВЕТСТВЕННОСТЬЮ ""ДОБРЫЙ СТОЛ""","ООО ""ДОБРЫЙ СТОЛ""",1661035029,1121690091104,https://war-sanctions.gur.gov.ua/ru/rostec/15221,15212,unresolved,,,
15220,"ОБЩЕСТВО С ОГРАНИЧЕННОЙ ОТВЕТСТВЕННОСТЬЮ ""НАУЧНО-ИССЛЕДОВАТЕЛЬСКИЙ И ПРОЕКТНЫЙ ИНСТИТУТ ""АВИАМАШПРОЕКТ""","ООО ""НИПИ ""АВИАМАШПРОЕКТ""",1661044922,1151690044428,https://war-sanctions.gur.gov.ua/ru/rostec/15220,15212,unresolved,,,
15219,"ОБЩЕСТВО С ОГРАНИЧЕННОЙ ОТВЕТСТВЕННОСТЬЮ ""СЕРВИСНЫЙ ЦЕНТР ""КАЗАНСКИЙ ГИПРОНИИАВИАПРОМ""","ООО ""СЦ ""КАЗАНСКИЙ ГИПРОНИИАВИАПРОМ""",1661037139,1131690051371,https://war-sanctions.gur.gov.ua/ru/rostec/15219,15212,unresolved,,,
15218,"ОБЩЕСТВО С ОГРАНИЧЕННОЙ ОТВЕТСТВЕННОСТЬЮ ""ВЕРТЕКС""","ООО ""ВЕРТЕКС""",1655375980,1161690173182,https://war-sanctions.gur.gov.ua/ru/rostec/15218,15212,unresolved,,,
5950,"АКЦИОНЕРНОЕ ОБЩЕСТВО ""ЦЕНТР НАУЧНО-ТЕХНИЧЕСКИХ УСЛУГ ""ДИНАМИКА""","АО ЦНТУ ""ДИНАМИКА""",5013026936,1025001624636,https://war-sanctions.gur.gov.ua/ru/rostec/5950,4664,unresolved,,,
15217,"ОБЩЕСТВО С ОГРАНИЧЕННОЙ ОТВЕТСТВЕННОСТЬЮ ""КОНСТАНТА-ДИЗАЙН""","ООО ""КОНСТАНТА-ДИЗАЙН""",7705230895,1027700089900,https://war-sanctions.gur.gov.ua/ru/rostec/15217,5950,unresolved,,,
15216,"ОБЩЕСТВО С ОГРАНИЧЕННОЙ ОТВЕТСТВЕННОСТЬЮ ""ЭЛВИС-КОМПОНЕНТ""","ООО ""ЭЛВК""",9714012544,1237700407560,https://war-sanctions.gur.gov.ua/ru/rostec/15216,4664,unresolved,,,
15215,"ОБЩЕСТВО С ОГРАНИЧЕННОЙ ОТВЕТСТВЕННОСТЬЮ ""ЦЕНТР РАЗВИТИЯ ПРОИЗВОДСТВЕННЫХ СИСТЕМ ПРИ МГТУ ИМ. Н.Э. БАУМАНА""","ООО ""ЦЕНТР РАЗВИТИЯ ПРОИЗВОДСТВЕННЫХ СИСТЕМ ПРИ МГТУ ИМ. Н.Э. БАУМАНА""",9701159116,1207700211916,https://war-sanctions.gur.gov.ua/ru/rostec/15215,4664,unresolved,,,
144,"АКЦИОНЕРНОЕ ОБЩЕСТВО ""НПО ""ВЫСОКОТОЧНЫЕ КОМПЛЕКСЫ""","АО ""НПО ""ВЫСОКОТОЧНЫЕ КОМПЛЕКСЫ""",7704721192,1097746068012,https://war-sanctions.gur.gov.ua/ru/rostec/144,16,unresolved,,,
3391,"АКЦИОНЕРНОЕ ОБЩЕСТВО ""СЕРПУХОВСКИЙ ЗАВОД ""МЕТАЛЛИСТ""","АО ""СЕРПУХОВСКИЙ ЗАВОД ""МЕТАЛЛИСТ""",5043012881,1025005598155,https://war-sanctions.gur.gov.ua/ru/rostec/3391,144,unresolved,,,
5112,"АКЦИОНЕРНОЕ ОБЩЕСТВО ""163 БРОНЕТАНКОВЫЙ РЕМОНТНЫЙ ЗАВОД""","АО ""163 БТРЗ""",2340020470,1092340000356,https://war-sanctions.gur.gov.ua/ru/rostec/5112,144,unresolved,,,
3563,"ОБЩЕСТВО С ОГРАНИЧЕННОЙ ОТВЕТСТВЕННОСТЬЮ ""КТЗ""","ООО ""КТЗ""",7714432344,1187746836716,https://war-sanctions.gur.gov.ua/ru/rostec/3563,144,unresolved,,,
3551,"АКЦИОНЕРНОЕ ОБЩЕСТВО ""САФОНОВСКИЙ ЗАВОД ГИДРОМЕТЕОРОЛОГИЧЕСКИХ ПРИБОРОВ""","АО ""САФОНОВСКИЙ ЗАВОД ""ГИДРОМЕТПРИБОР""",6726009364,1036719800281,https://war-sanctions.gur.gov.ua/ru/rostec/3551,144,unresolved,,,
3552,"АКЦИОНЕРНОЕ ОБЩЕСТВО ""САРАТОВСКИЙ АГРЕГАТНЫЙ ЗАВОД""","АО ""САЗ""",6455053670,1116455002069,https://war-sanctions.gur.gov.ua/ru/rostec/3552,144,unresolved,,,
3553,"АКЦИОНЕРНОЕ ОБЩЕСТВО ""ВОЛЬСКИЙ МЕХАНИЧЕСКИЙ ЗАВОД""","АО ""ВМЗ""",6441019849,1106441000951,https://war-sanctions.gur.gov.ua/ru/rostec/3553,144,unresolved,,,
235,"АКЦИОНЕРНОЕ ОБЩЕСТВО ""НАУЧНО-ПРОИЗВОДСТВЕННАЯ КОРПОРАЦИЯ ""КОНСТРУКТОРСКОЕ БЮРО МАШИНОСТРОЕНИЯ""","АО ""НПК ""КБМ""",5022039177,1125022001851,https://war-sanctions.gur.gov.ua/ru/rostec/235,144,unresolved,,,
573,"АКЦИОНЕРНОЕ ОБЩЕСТВО ""ЗАВОД ИМ. В.А.ДЕГТЯРЕВА""","АО ""ЗИД""",3305004083,1023301951397,https://war-sanctions.gur.gov.ua/ru/rostec/573,144,unresolved,,,
575,СОЮЗ (ЛИГА) ОБОРОННЫХ ПРЕДПРИЯТИЙ ВЛАДИМИРСКОЙ ОБЛАСТИ,"""ЛИГА ОБОРОННЫХ ПРЕДПРИЯТИЙ ВЛАДИМИРСКОЙ ОБЛАСТИ""",3328411920,1033302009036,https://war-sanctions.gur.gov.ua/ru/rostec/575,573,unresolved,,,
14774,"АКЦИОНЕРНОЕ ОБЩЕСТВО ""АВЕРС""","АО ""АВЕРС""",3305017406,1023301952740,https://war-sanctions.gur.gov.ua/ru/rostec/14774,573,unresolved,,,
14773,"ОБЩЕСТВО С ОГРАНИЧЕННОЙ ОТВЕТСТВЕННОСТЬЮ ""КОНСЕНСУС-Р""","ООО ""КОНСЕНСУС-Р""",7706723050,1097746457984,https://war-sanctions.gur.gov.ua/ru/rostec/14773,573,unresolved,,,
10127,"АКЦИОНЕРНОЕ ОБЩЕСТВО ХОЛДИНГОВАЯ КОМПАНИЯ ""БАРНАУЛТРАНСМАШ""","АО ""БАРНАУЛТРАНСМАШ""",2202000222,1022201509395,https://war-sanctions.gur.gov.ua/ru/rostec/10127,144,matched_name_and_website,1154208,https://hh.ru/employer/1154208,
14768,"АКЦИОНЕРНОЕ ОБЩЕСТВО ""СТОЛОВАЯ ЗАВОДА ""БАРНАУЛТРАНСМАШ""","АО ""СТОЛОВАЯ ЗАВОДА ""БАРНАУЛТРАНСМАШ""",2224001413,1022201508042,https://war-sanctions.gur.gov.ua/ru/rostec/14768,10127,unresolved,,,
14767,"АКЦИОНЕРНОЕ ОБЩЕСТВО ""БАРНАУЛЬСКИЙ КУЗНЕЧНО-ПРЕССОВЫЙ ЗАВОД""","АО ""БКПЗ""",2224002093,1022201530207,https://war-sanctions.gur.gov.ua/ru/rostec/14767,10127,unresolved,,,
3392,"АКЦИОНЕРНОЕ ОБЩЕСТВО ""ЦЕНТРАЛЬНОЕ КОНСТРУКТОРСКОЕ БЮРО АППАРАТОСТРОЕНИЯ""","АО ""ЦКБА""",7106002868,1027100740941,https://war-sanctions.gur.gov.ua/ru/rostec/3392,144,unresolved,,,
14766,"АКЦИОНЕРНОЕ ОБЩЕСТВО ""ТРЕНАЖЕРНЫЕ СИСТЕМЫ""","АО ""ТРЕНАЖЕРНЫЕ СИСТЕМЫ""",7106072720,1067106039208,https://war-sanctions.gur.gov.ua/ru/rostec/14766,3392,unresolved,,,
3394,"АКЦИОНЕРНОЕ ОБЩЕСТВО ""СПЕЦИАЛЬНОЕ КОНСТРУКТОРСКОЕ БЮРО ""ТУРБИНА""","АО СКБ ""ТУРБИНА""",7452033815,1037403769413,https://war-sanctions.gur.gov.ua/ru/rostec/3394,144,unresolved,,,
14765,"ОБЩЕСТВО С ОГРАНИЧЕННОЙ ОТВЕТСТВЕННОСТЬЮ НАУЧНО-ПРОИЗВОДСТВЕННОЕ ПРЕДПРИЯТИЕ ""СОВРЕМЕННЫЕ ЭНЕРГЕТИЧЕСКИЕ РЕШЕНИЯ""","ООО НПП ""СЭР""",7452149721,1197456002963,https://war-sanctions.gur.gov.ua/ru/rostec/14765,3394,unresolved,,,
268,"АКЦИОНЕРНОЕ ОБЩЕСТВО ""ЦЕНТРАЛЬНЫЙ НАУЧНО-ИССЛЕДОВАТЕЛЬСКИЙ ИНСТИТУТ АВТОМАТИКИ И ГИДРАВЛИКИ""","АО ""ЦНИИАГ""",7715900066,1127746028410,https://war-sanctions.gur.gov.ua/ru/rostec/268,144,unresolved,,,
636,"ОБЩЕСТВО С ОГРАНИЧЕННОЙ ОТВЕТСТВЕННОСТЬЮ ""МАСТЕРСКАЯ СИСТЕМ""","ООО ""МАСТЕРСКАЯ СИСТЕМ""",7707430970,1197746352396,https://war-sanctions.gur.gov.ua/ru/rostec/636,268,unresolved,,,
3390,"АКЦИОНЕРНОЕ ОБЩЕСТВО ""ВСЕРОССИЙСКИЙ НАУЧНО-ИССЛЕДОВАТЕЛЬСКИЙ ИНСТИТУТ ""СИГНАЛ""","АО ""ВНИИ ""СИГНАЛ""",3305708964,1103332000232,https://war-sanctions.gur.gov.ua/ru/rostec/3390,144,unresolved,,,
669,"АКЦИОНЕРНОЕ ОБЩЕСТВО ""КОВРОВСКИЙ ЭЛЕКТРОМЕХАНИЧЕСКИЙ ЗАВОД""","АО ""КЭМЗ""",3305004421,1023301951177,https://war-sanctions.gur.gov.ua/ru/rostec/669,3390,unresolved,,,
14772,"ОБЩЕСТВО С ОГРАНИЧЕННОЙ ОТВЕТСТВЕННОСТЬЮ ""АВТОМАТИЧЕСКИЕ СИСТЕМЫ""","ООО ""АС""",3305715383,1123332001704,https://war-sanctions.gur.gov.ua/ru/rostec/14772,669,unresolved,,,
12375,"ОТКРЫТОЕ АКЦИОНЕРНОЕ ОБЩЕСТВО ""СПЕЦИАЛЬНОЕ КОНСТРУКТОРСКОЕ БЮРО ПРИБОРОСТРОЕНИЯ И АВТОМАТИКИ""","ОАО ""СКБ ПА""",3305016642,1023301951045,https://war-sanctions.gur.gov.ua/ru/rostec/12375,669,unresolved,,,
670,"АССОЦИАЦИЯ ""ЦИФРОВЫЕ ИННОВАЦИИ В МАШИНОСТРОЕНИИ""","""АЦИМ""",9721074326,1197700001400,https://war-sanctions.gur.gov.ua/ru/rostec/670,669,unresolved,,,
14771,"ОБЩЕСТВО С ОГРАНИЧЕННОЙ ОТВЕТСТВЕННОСТЬЮ ""КЭМЗ - ОХОТА""","ООО ""КЭМЗ-ОХОТА""",3305055747,1063332011918,https://war-sanctions.gur.gov.ua/ru/rostec/14771,669,unresolved,,,
14770,"ОБЩЕСТВО С ОГРАНИЧЕННОЙ ОТВЕТСТВЕННОСТЬЮ ""КЭМЗ-ЭНЕРГО""","ООО ""КЭМЗ-ЭНЕРГО""",3305713033,1113332006810,https://war-sanctions.gur.gov.ua/ru/rostec/14770,669,unresolved,,,
14769,"ОБЩЕСТВО С ОГРАНИЧЕННОЙ ОТВЕТСТВЕННОСТЬЮ ""СТОМАТОЛОГИЧЕСКАЯ ПОЛИКЛИНИКА ""АУРА""","ООО ""СП ""АУРА""",3305063096,1083332002874,https://war-sanctions.gur.gov.ua/ru/rostec/14769,669,unresolved,,,
14764,"АКЦИОНЕРНОЕ ОБЩЕСТВО ""РАСКАТ""","АО ""РАСКАТ""",7610122958,1167627104260,https://war-sanctions.gur.gov.ua/ru/rostec/14764,669,unresolved,,,
190,"АКЦИОНЕРНОЕ ОБЩЕСТВО ""КУРГАНСКИЙ МАШИНОСТРОИТЕЛЬНЫЙ ЗАВОД""","АО ""КУРГАНМАШЗАВОД""",4501008142,1024500521682,https://war-sanctions.gur.gov.ua/ru/rostec/190,144,unresolved,,,
14775,"ФИЛИАЛ АО ""КУРГАНМАШЗАВОД"" – ""РУБЦОВСКИЙ МАШИНОСТРОИТЕЛЬНЫЙ ЗАВОД""","""РМЗ"" – ФИЛИАЛ АО ""КУРГАНМАШЗАВОД""",,,https://war-sanctions.gur.gov.ua/ru/rostec/14775,190,unresolved,,,
3425,"АКЦИОНЕРНОЕ ОБЩЕСТВО ""560 БРОНЕТАНКОВЫЙ РЕМОНТНЫЙ ЗАВОД""","АО ""560 БТРЗ""",2811005250,1092804000255,https://war-sanctions.gur.gov.ua/ru/rostec/3425,190,unresolved,,,
8117,"АКЦИОНЕРНОЕ ОБЩЕСТВО ""144 БРОНЕТАНКОВЫЙ РЕМОНТНЫЙ ЗАВОД""","АО ""144 БТРЗ""",6674331056,1096674009332,https://war-sanctions.gur.gov.ua/ru/rostec/8117,190,unresolved,,,
5721,"АКЦИОНЕРНОЕ ОБЩЕСТВО ""СПЕЦИАЛЬНОЕ КОНСТРУКТОРСКОЕ БЮРО МАШИНОСТРОЕНИЯ""","АО ""СКБМ""",4501033519,1024500509659,https://war-sanctions.gur.gov.ua/ru/rostec/5721,190,unresolved,,,
5719,"ОБЩЕСТВО С ОГРАНИЧЕННОЙ ОТВЕТСТВЕННОСТЬЮ ""ТОРГОВО-СЕРВИСНЫЙ ЦЕНТР КУРГАНМАШЗАВОД""","ООО ""ТСЦ-КУРГАНМАШЗАВОД""",4501221304,1184501004808,https://war-sanctions.gur.gov.ua/ru/rostec/5719,190,unresolved,,,
5720,"ОБЩЕСТВО С ОГРАНИЧЕННОЙ ОТВЕТСТВЕННОСТЬЮ ""ЗАУРАЛЬСКИЙ КУЗНЕЧНО-ЛИТЕЙНЫЙ ЗАВОД""","ООО ""ЗКЛЗ""",4501136000,1074501008922,https://war-sanctions.gur.gov.ua/ru/rostec/5720,190,unresolved,,,
14762,"ОБЩЕСТВО С ОГРАНИЧЕННОЙ ОТВЕТСТВЕННОСТЬЮ ""КУРГАНМАШОБЩЕПИТ - СЕРВИС""","ООО ""КУРГАНМАШОБЩЕПИТ – СЕРВИС""",4501130791,1074501003895,https://war-sanctions.gur.gov.ua/ru/rostec/14762,190,unresolved,,,
14761,"НЕКОММЕРЧЕСКАЯ ОРГАНИЗАЦИЯ ТОВАРИЩЕСТВО СОБСТВЕННИКОВ ЖИЛЬЯ ""АНФИНОГЕНОВА 57""","ТСЖ ""АНФИНОГЕНОВА 57""",4501120338,1064501161977,https://war-sanctions.gur.gov.ua/ru/rostec/14761,190,unresolved,,,
14760,"НЕКОММЕРЧЕСКАЯ ОРГАНИЗАЦИЯ ТОВАРИЩЕСТВО СОБСТВЕННИКОВ ЖИЛЬЯ ""6-32""","ТСЖ ""6-32""",4501119999,1064501149910,https://war-sanctions.gur.gov.ua/ru/rostec/14760,190,unresolved,,,
14759,"НЕКОММЕРЧЕСКАЯ ОРГАНИЗАЦИЯ ТОВАРИЩЕСТВО СОБСТВЕННИКОВ ЖИЛЬЯ ""6-12""","ТСЖ ""6-12""",4501122769,1064500010563,https://war-sanctions.gur.gov.ua/ru/rostec/14759,190,unresolved,,,
14758,"НЕКОММЕРЧЕСКАЯ ОРГАНИЗАЦИЯ ""ТОВАРИЩЕСТВО СОБСТВЕННИКОВ ЖИЛЬЯ ""6-31""","ТСЖ ""6-31""",4501122550,1064500010552,https://war-sanctions.gur.gov.ua/ru/rostec/14758,190,unresolved,,,
14757,"НЕКОММЕРЧЕСКАЯ ОРГАНИЗАЦИЯ ТОВАРИЩЕСТВО СОБСТВЕННИКОВ ЖИЛЬЯ ""ТСЖ - 6 МИКРОРАЙОН - 17""","""ТСЖ-6 МИКРОРАЙОН-17""",4501122568,1064500010541,https://war-sanctions.gur.gov.ua/ru/rostec/14757,190,unresolved,,,
14756,"ОБЩЕСТВО С ОГРАНИЧЕННОЙ ОТВЕТСТВЕННОСТЬЮ ""БИЗНЕС-КЛУБ""","ООО ""БИЗНЕС-КЛУБ""",4501007090,1034500012414,https://war-sanctions.gur.gov.ua/ru/rostec/14756,190,unresolved,,,
14755,"ТОВАРИЩЕСТВО СОБСТВЕННИКОВ ЖИЛЬЯ ""ЗАОЗЕРНЫЙ 6-18""","ТСЖ ""ЗАОЗЕРНЫЙ 6-18""",4501101134,1034500000182,https://war-sanctions.gur.gov.ua/ru/rostec/14755,190,unresolved,,,
641,"ОБЩЕСТВО С ОГРАНИЧЕННОЙ ОТВЕТСТВЕННОСТЬЮ ""ВОЛГОГРАДСКАЯ МАШИНОСТРОИТЕЛЬНАЯ КОМПАНИЯ ""ВГТЗ""","ООО ""ВМК ""ВГТЗ""",3441023695,1023402461752,https://war-sanctions.gur.gov.ua/ru/rostec/641,190,unresolved,,,
14753,"ОБЩЕСТВО С ОГРАНИЧЕННОЙ ОТВЕТСТВЕННОСТЬЮ ""РЕГИОНАЛЬНАЯ ИНВЕСТИЦИОННАЯ КОРПОРАЦИЯ""","ООО ""РИК""",4501154055,1094501006632,https://war-sanctions.gur.gov.ua/ru/rostec/14753,190,unresolved,,,
14763,"ОБЩЕСТВО С ОГРАНИЧЕННОЙ ОТВЕТСТВЕННОСТЬЮ АГРОПРОМЫШЛЕННАЯ КОМПАНИЯ ""АГРО-ИНВЕСТ""","ООО ""АГРО-ИНВЕСТ""",4501115200,1054500051650,https://war-sanctions.gur.gov.ua/ru/rostec/14763,14753,unresolved,,,
1921,"АКЦИОНЕРНОЕ ОБЩЕСТВО ""КОНСТРУКТОРСКОЕ БЮРО ПРИБОРОСТРОЕНИЯ ИМ. АКАДЕМИКА А. Г. ШИПУНОВА""","АО ""КБП""",7105514574,1117154036911,https://war-sanctions.gur.gov.ua/ru/rostec/1921,144,unresolved,,,
14754,"ОБЩЕСТВО С ОГРАНИЧЕННОЙ ОТВЕТСТВЕННОСТЬЮ ""ТУЛАОБОРОНСТРОЙ""","ООО ""ТУЛАОБОРОНСТРОЙ""",7105509912,1107154019070,https://war-sanctions.gur.gov.ua/ru/rostec/14754,1921,unresolved,,,
11751,"ОБЩЕСТВО С ОГРАНИЧЕННОЙ ОТВЕТСТВЕННОСТЬЮ ""НАУЧНО-ПРОИЗВОДСТВЕННОЕ ОБЪЕДИНЕНИЕ ПРОГРАММНЫЕ КОМПЛЕКСЫ РЕАЛЬНОГО ВРЕМЕНИ""","ООО ""НПО ПКРВ""",7105509736,1107154016529,https://war-sanctions.gur.gov.ua/ru/rostec/11751,1921,matched_name_and_website,1540476,https://hh.ru/employer/1540476,
11708,"ОБЩЕСТВО С ОГРАНИЧЕННОЙ ОТВЕТСТВЕННОСТЬЮ ""БЕСКОНТАКТНЫЕ ТУРИСТИЧЕСКИЕ ТЕХНОЛОГИИ""","ООО ""БТТ""",9731099418,1227700575497,https://war-sanctions.gur.gov.ua/ru/rostec/11708,11751,unresolved,,,
11711,"ОБЩЕСТВО С ОГРАНИЧЕННОЙ ОТВЕТСТВЕННОСТЬЮ ""ЦЕНТР БЕСПИЛОТНЫХ СИСТЕМ""","ООО ""ЦБС""",7100032961,1237100001467,https://war-sanctions.gur.gov.ua/ru/rostec/11711,11751,unresolved,,,
11710,"ОБЩЕСТВО С ОГРАНИЧЕННОЙ ОТВЕТСТВЕННОСТЬЮ ""ПКРВ - ОПТРОНИКА""","ООО ""ПКРВ – ОПТРОНИКА""",6101005373,1226100008342,https://war-sanctions.gur.gov.ua/ru/rostec/11710,11751,unresolved,,,
11709,"ОБЩЕСТВО С ОГРАНИЧЕННОЙ ОТВЕТСТВЕННОСТЬЮ ""НПО ПКРВ-ИННОПОЛИС""","ООО ""НПО ПКРВ-ИННОПОЛИС""",1615014850,1191690075510,https://war-sanctions.gur.gov.ua/ru/rostec/11709,11751,unresolved,,,
24,"ПУБЛИЧНОЕ АКЦИОНЕРНОЕ ОБЩЕСТВО ""ОБЪЕДИНЕННАЯ АВИАСТРОИТЕЛЬНАЯ КОРПОРАЦИЯ""","ПАО ""ОАК""",7708619320,1067759884598,https://war-sanctions.gur.gov.ua/ru/rostec/24,16,matched_name_and_website,17831,https://hh.ru/employer/17831,
14818,"ОБЩЕСТВО С ОГРАНИЧЕННОЙ ОТВЕТСТВЕННОСТЬЮ ""АВИАКОМПОЗИТ""","ООО ""АВИАКОМПОЗИТ""",5405077963,1225400042823,https://war-sanctions.gur.gov.ua/ru/rostec/14818,24,unresolved,,,
14817,"ОБЩЕСТВО С ОГРАНИЧЕННОЙ ОТВЕТСТВЕННОСТЬЮ ""КОМБИНАТ ОБЩЕСТВЕННОГО ПИТАНИЯ""","ООО ""КОП""",2703068609,1122703008670,https://war-sanctions.gur.gov.ua/ru/rostec/14817,24,unresolved,,,
132,"АКЦИОНЕРНОЕ ОБЩЕСТВО ""АЭРОКОМПОЗИТ""","АО ""АЭРОКОМПОЗИТ""",7714759967,5087746532583,https://war-sanctions.gur.gov.ua/ru/rostec/132,24,unresolved,,,
14816,"ОБЩЕСТВО С ОГРАНИЧЕННОЙ ОТВЕТСТВЕННОСТЬЮ ""ИНСТИТУТ МЕНЕДЖМЕНТА КАЧЕСТВА""","ООО ""ИМК""",7720293770,1157746167413,https://war-sanctions.gur.gov.ua/ru/rostec/14816,24,unresolved,,,
14815,"ОБЩЕСТВО С ОГРАНИЧЕННОЙ ОТВЕТСТВЕННОСТЬЮ ""ДОМ КУЛЬТУРЫ И ТВОРЧЕСТВА ИМ.В.П.ЧКАЛОВА""","ООО ""ДКИТ ИМ. В.П.ЧКАЛОВА""",5405078967,1225400048235,https://war-sanctions.gur.gov.ua/ru/rostec/14815,24,unresolved,,,
5711,"ОБЩЕСТВО С ОГРАНИЧЕННОЙ ОТВЕТСТВЕННОСТЬЮ ""АВТОТРАНСПОРТНОЕ ПРЕДПРИЯТИЕ""","ООО ""АТП""",2703045464,1082703001402,https://war-sanctions.gur.gov.ua/ru/rostec/5711,24,unresolved,,,
14814,"ОБЩЕСТВО С ОГРАНИЧЕННОЙ ОТВЕТСТВЕННОСТЬЮ ""ЧКАЛОВСКИЙ РЕМОНТНО-МЕХАНИЧЕСКИЙ ЗАВОД""","ООО ""ЧКАЛОВСКИЙ РМЗ""",5405078332,1225400044506,https://war-sanctions.gur.gov.ua/ru/rostec/14814,24,unresolved,,,
14813,"ОБЩЕСТВО С ОГРАНИЧЕННОЙ ОТВЕТСТВЕННОСТЬЮ ""НАЦИОНАЛЬНЫЙ ЦЕНТР АВИАСТРОЕНИЯ""","ООО ""НЦА""",5040104260,1105040010811,https://war-sanctions.gur.gov.ua/ru/rostec/14813,24,unresolved,,,
14812,"МЕДИЦИНСКОЕ ЧАСТНОЕ УЧРЕЖДЕНИЕ ""МЕДИКО-САНИТАРНАЯ ЧАСТЬ ЗАВОДА ""СОКОЛ""","МЧУ ""МСЧ ЗАВОДА ""СОКОЛ""",5259025996,1025202840541,https://war-sanctions.gur.gov.ua/ru/rostec/14812,24,unresolved,,,
14811,СОЮЗ АВИАПРОИЗВОДИТЕЛЕЙ РОССИИ,САП,7708238123,1107799021220,https://war-sanctions.gur.gov.ua/ru/rostec/14811,24,unresolved,,,
14810,"ОБЩЕСТВО С ОГРАНИЧЕННОЙ ОТВЕТСТВЕННОСТЬЮ ""МЕДИЦИНСКИЙ ЦЕНТР ""КЕДР""","ООО ""МЦ ""КЕДР""",2703052165,1092703002688,https://war-sanctions.gur.gov.ua/ru/rostec/14810,24,unresolved,,,
14809,"НЕКОММЕРЧЕСКОЕ УЧРЕЖДЕНИЕ КУЛЬТУРЫ ""ДВОРЕЦ КУЛЬТУРЫ АВИАСТРОИТЕЛЕЙ""","НУК ""ДКА""",2703032345,1052740251640,https://war-sanctions.gur.gov.ua/ru/rostec/14809,24,unresolved,,,
14808,"ОБЩЕСТВО С ОГРАНИЧЕННОЙ ОТВЕТСТВЕННОСТЬЮ ""АВИАФОНД""","ООО ""АВИАФОНД""",5259015525,1025202836515,https://war-sanctions.gur.gov.ua/ru/rostec/14808,24,unresolved,,,
5745,"ОБЩЕСТВО С ОГРАНИЧЕННОЙ ОТВЕТСТВЕННОСТЬЮ ""ОАК-ЗАКУПКИ""","ООО ""ОАК-ЗАКУПКИ""",7714922571,5137746152363,https://war-sanctions.gur.gov.ua/ru/rostec/5745,24,unresolved,,,
14807,"ОБЩЕСТВО С ОГРАНИЧЕННОЙ ОТВЕТСТВЕННОСТЬЮ ""ОАК-КАПИТАЛ""","ООО ""ОАК-КАПИТАЛ""",7708259934,1157746565382,https://war-sanctions.gur.gov.ua/ru/rostec/14807,24,unresolved,,,
14806,"ОБЩЕСТВО С ОГРАНИЧЕННОЙ ОТВЕТСТВЕННОСТЬЮ ""ОАК-ЗДОРОВЬЕ""","ООО ""ОАК-ЗДОРОВЬЕ""",9108104273,1159102028689,https://war-sanctions.gur.gov.ua/ru/rostec/14806,24,unresolved,,,
14805,"ОБЩЕСТВО С ОГРАНИЧЕННОЙ ОТВЕТСТВЕННОСТЬЮ ""ОАК-РЕСУРС""","ООО ""ОАК-РЕСУРС""",7708668479,1087746490260,https://war-sanctions.gur.gov.ua/ru/rostec/14805,24,unresolved,,,
14804,"ОБЩЕСТВО С ОГРАНИЧЕННОЙ ОТВЕТСТВЕННОСТЬЮ ""ОАК-ИНЖИНИРИНГ""","ООО ""ОАК-ИНЖИНИРИНГ""",7714551052,1047796323057,https://war-sanctions.gur.gov.ua/ru/rostec/14804,24,unresolved,,,
10209,"ОБЩЕСТВО С ОГРАНИЧЕННОЙ ОТВЕТСТВЕННОСТЬЮ ""НАУЧНО-ПРОИЗВОДСТВЕННЫЙ КОНЦЕРН ""ШТУРМОВИКИ СУХОГО""","ООО ""НПК ""ШТУРМОВИКИ СУХОГО""",7714020559,1027700342560,https://war-sanctions.gur.gov.ua/ru/rostec/10209,24,unresolved,,,
14776,"ФИЛИАЛ ПАО ""ОАК"" – ""ЛУХОВИЦКИЙ АВИАЦИОННЫЙ ЗАВОД ИМЕНИ П.А. ВОРОНИНА""","""ЛАЗ ИМ. П.А. ВОРОНИНА"" – ФИЛИАЛ ПАО ""ОАК""",,,https://war-sanctions.gur.gov.ua/ru/rostec/14776,24,unresolved,,,
141,"ФИЛИАЛ ПАО ""ОАК"" – ""КОМСОМОЛЬСКИЙ-НА-АМУРЕ АВИАЦИОННЫЙ ЗАВОД ИМЕНИ Ю. А. ГАГАРИНА""","""КНААЗ ИМ. Ю.А. ГАГАРИНА"" – ФИЛИАЛ ПАО ""ОАК""",,,https://war-sanctions.gur.gov.ua/ru/rostec/141,24,unresolved,,,
12008,"ФИЛИАЛ ПАО ""ОАК"" – ""НОВОСИБИРСКИЙ АВИАЦИОННЫЙ ЗАВОД ИМЕНИ В.П.ЧКАЛОВА""","""НАЗ ИМ. В.П. ЧКАЛОВА"" – ФИЛИАЛ ПАО ""ОАК""",,,https://war-sanctions.gur.gov.ua/ru/rostec/12008,24,unresolved,,,
264,"ФИЛИАЛ ПАО ""ОАК"" – ""НИЖЕГОРОДСКИЙ АВИАСТРОИТЕЛЬНЫЙ ЗАВОД ""СОКОЛ""","""НАЗ ""СОКОЛ"" – ФИЛИАЛ ПАО ""ОАК""",5259008341,1025202830290,https://war-sanctions.gur.gov.ua/ru/rostec/264,24,unresolved,,,
5379,"ФИЛИАЛ ПУБЛИЧНОГО АКЦИОНЕРНОГО ОБЩЕСТВА ""ОБЪЕДИНЕННАЯ АВИАСТРОИТЕЛЬНАЯ КОРПОРАЦИЯ"" - КАЛЯЗИНСКИЙ МАШИНОСТРОИТЕЛЬНЫЙ ЗАВОД","ФИЛИАЛ ПАО ""ОАК"" - КМЗ",,,https://war-sanctions.gur.gov.ua/ru/rostec/5379,24,unresolved,,,
15823,"ФИЛИАЛ ПУБЛИЧНОГО АКЦИОНЕРНОГО ОБЩЕСТВА ""ОБЪЕДИНЕННАЯ АВИАСТРОИТЕЛЬНАЯ КОРПОРАЦИЯ"" - ОПЕРАТИВНО-ТАКТИЧЕСКАЯ АВИАЦИЯ","ФИЛИАЛ ПАО ""ОАК"" - ОТА",,,https://war-sanctions.gur.gov.ua/ru/rostec/15823,24,unresolved,,,
15824,"ОПЫТНО-КОНСТРУКТОРСКОЕ БЮРО ИМЕНИ П. О. СУХОГО - ПАО ""ОБЪЕДИНЁННАЯ АВИАСТРОИТЕЛЬНАЯ КОРПОРАЦИЯ""","ОКБ СУХОГО - ПАО ""ОАК""",,,https://war-sanctions.gur.gov.ua/ru/rostec/15824,24,unresolved,,,
163,"АКЦИОНЕРНОЕ ОБЩЕСТВО ""ТУПОЛЕВ""","АО ""ТУПОЛЕВ""",7705313252,1027739263056,https://war-sanctions.gur.gov.ua/ru/rostec/163,24,matched_name_and_website,584327,https://hh.ru/employer/584327,
14851,"ОБЩЕСТВО С ОГРАНИЧЕННОЙ ОТВЕТСТВЕННОСТЬЮ НАУЧНО-ПРОИЗВОДСТВЕННОЕ ПРЕДПРИЯТИЕ ""ИЗОП ЛИИ""","ООО НПП ""ИЗОП ЛИИ""",5013012806,1025001633194,https://war-sanctions.gur.gov.ua/ru/rostec/14851,163,unresolved,,,
5963,"ОБЩЕСТВО С ОГРАНИЧЕННОЙ ОТВЕТСТВЕННОСТЬЮ ""ПРОЕКТНО-СТРОИТЕЛЬНАЯ КОМПАНИЯ ""АВИАСТРОЙ""","ООО ""ПСК ""АВИАСТРОЙ""",1661022799,1081690078700,https://war-sanctions.gur.gov.ua/ru/rostec/5963,163,unresolved,,,
5964,"ОБЩЕСТВО С ОГРАНИЧЕННОЙ ОТВЕТСТВЕННОСТЬЮ УПРАВЛЯЮЩАЯ КОМПАНИЯ ""КАПО-ЖИЛБЫТСЕРВИС""","ООО УК ""КАПО-ЖБС""",1661022862,1081690080450,https://war-sanctions.gur.gov.ua/ru/rostec/5964,163,unresolved,,,
14850,"ОБЩЕСТВО С ОГРАНИЧЕННОЙ ОТВЕТСТВЕННОСТЬЮ ""ЦЕНТР АВИАЦИОННЫХ ТЕХНОЛОГИЙ И ИНТЕРЬЕРА""","ООО ""ЦАТИ""",7709432719,1037709062710,https://war-sanctions.gur.gov.ua/ru/rostec/14850,163,unresolved,,,
12002,"ФИЛИАЛ ПАО ""ТУПОЛЕВ"" – ""КАЗАНСКИЙ АВИАЦИОННЫЙ ЗАВОД ИМ. С.П.ГОРБУНОВА""","""КАЗ ИМ. С.П.ГОРБУНОВА"" – ФИЛИАЛ ПАО ""ТУПОЛЕВ""",,,https://war-sanctions.gur.gov.ua/ru/rostec/12002,163,unresolved,,,
6890,"АКЦИОНЕРНОЕ ОБЩЕСТВО ""АВИАРЕМОНТ""","АО ""АВИАРЕМОНТ""",7704726240,1097746264252,https://war-sanctions.gur.gov.ua/ru/rostec/6890,24,unresolved,,,
3342,"АКЦИОНЕРНОЕ ОБЩЕСТВО ""32 РЕМОНТНЫЙ ЗАВОД СРЕДСТВ ОБЕСПЕЧЕНИЯ ПОЛЕТОВ""","АО ""32 РЗ СОП""",2510012328,1092510000120,https://war-sanctions.gur.gov.ua/ru/rostec/3342,6890,unresolved,,,
3345,"АКЦИОНЕРНОЕ ОБЩЕСТВО ""720 РЕМОНТНЫЙ ЗАВОД СРЕДСТВ ОБЕСПЕЧЕНИЯ ПОЛЕТОВ""","АО ""720 РЗ СОП""",6725015051,1096725000701,https://war-sanctions.gur.gov.ua/ru/rostec/3345,6890,unresolved,,,
3346,"АКЦИОНЕРНОЕ ОБЩЕСТВО ""ВОЛГОГРАДСКИЙ ЗАВОД РАДИОТЕХНИЧЕСКОГО ОБОРУДОВАНИЯ""","АО ""ВЗРТО""",3443073324,1063443054168,https://war-sanctions.gur.gov.ua/ru/rostec/3346,6890,unresolved,,,
3340,"АКЦИОНЕРНОЕ ОБЩЕСТВО ""170 РЕМОНТНЫЙ ЗАВОД СРЕДСТВ ОБЕСПЕЧЕНИЯ ПОЛЕТОВ""","АО ""170 РЗ СОП""",5262240714,1095262004771,https://war-sanctions.gur.gov.ua/ru/rostec/3340,6890,unresolved,,,
3470,"АКЦИОНЕРНОЕ ОБЩЕСТВО ""360 АВИАЦИОННЫЙ РЕМОНТНЫЙ ЗАВОД""","АО ""360 АРЗ""",6229059220,1076229003124,https://war-sanctions.gur.gov.ua/ru/rostec/3470,6890,unresolved,,,
3343,"АКЦИОНЕРНОЕ ОБЩЕСТВО ""680 АВИАЦИОННЫЙ РЕМОНТНЫЙ ЗАВОД""","АО ""680 АРЗ""",2804012458,1062804008596,https://war-sanctions.gur.gov.ua/ru/rostec/3343,6890,unresolved,,,
1944,"АКЦИОНЕРНОЕ ОБЩЕСТВО ""308 АВИАЦИОННЫЙ РЕМОНТНЫЙ ЗАВОД""","АО ""308 АРЗ""",3702530967,1073702031754,https://war-sanctions.gur.gov.ua/ru/rostec/1944,6890,unresolved,,,
3472,"АКЦИОНЕРНОЕ ОБЩЕСТВО ""20 АВИАЦИОННЫЙ РЕМОНТНЫЙ ЗАВОД""","АО ""20 АРЗ""",7820309254,1079847022496,https://war-sanctions.gur.gov.ua/ru/rostec/3472,6890,unresolved,,,
3471,"АКЦИОНЕРНОЕ ОБЩЕСТВО ""514 АВИАЦИОННЫЙ РЕМОНТНЫЙ ЗАВОД""","АО ""514 АРЗ""",6914013187,1076914001141,https://war-sanctions.gur.gov.ua/ru/rostec/3471,6890,unresolved,,,
3473,"АКЦИОНЕРНОЕ ОБЩЕСТВО ""322 АВИАЦИОННЫЙ РЕМОНТНЫЙ ЗАВОД""","АО ""322 АРЗ""",2511055959,1072511004884,https://war-sanctions.gur.gov.ua/ru/rostec/3473,6890,unresolved,,,
3329,"АКЦИОНЕРНОЕ ОБЩЕСТВО ""325 АВИАЦИОННЫЙ РЕМОНТНЫЙ ЗАВОД""","АО ""325 АРЗ""",6154105808,1066154102960,https://war-sanctions.gur.gov.ua/ru/rostec/3329,6890,unresolved,,,
3336,"АКЦИОНЕРНОЕ ОБЩЕСТВО ""275 АВИАЦИОННЫЙ РЕМОНТНЫЙ ЗАВОД""","АО ""275 АРЗ""",2311096404,1072311001003,https://war-sanctions.gur.gov.ua/ru/rostec/3336,6890,unresolved,,,
1939,"АКЦИОНЕРНОЕ ОБЩЕСТВО ""123 АВИАЦИОННЫЙ РЕМОНТНЫЙ ЗАВОД""","АО ""123 АРЗ""",5322010620,1065332010809,https://war-sanctions.gur.gov.ua/ru/rostec/1939,6890,unresolved,,,
3469,"АКЦИОНЕРНОЕ ОБЩЕСТВО ""121 АВИАЦИОННЫЙ РЕМОНТНЫЙ ЗАВОД""","АО ""121 АРЗ""",5032168904,1075032007544,https://war-sanctions.gur.gov.ua/ru/rostec/3469,6890,unresolved,,,
3341,"АКЦИОНЕРНОЕ ОБЩЕСТВО ""31 ЗАВОД АВИАЦИОННОГО ТЕХНОЛОГИЧЕСКОГО ОБОРУДОВАНИЯ""","АО ""31 ЗАТО""",6150052190,1066150028955,https://war-sanctions.gur.gov.ua/ru/rostec/3341,6890,unresolved,,,
14849,"ОБЩЕСТВО С ОГРАНИЧЕННОЙ ОТВЕТСТВЕННОСТЬЮ ""АВИАРЕМОНТ-МС""","ООО ""АВИАРЕМОНТ-МС""",7743799139,1107746926748,https://war-sanctions.gur.gov.ua/ru/rostec/14849,6890,unresolved,,,
772,"АКЦИОНЕРНОЕ ОБЩЕСТВО ""ИЛЬЮШИН ФИНАНС КО.""","АО ""ИФК""",3663029916,1033600042332,https://war-sanctions.gur.gov.ua/ru/rostec/772,24,unresolved,,,
14848,"ОБЩЕСТВО С ОГРАНИЧЕННОЙ ОТВЕТСТВЕННОСТЬЮ ""УЗМЕНЬ""","ООО ""УЗМЕНЬ""",6945002298,1036904002420,https://war-sanctions.gur.gov.ua/ru/rostec/14848,772,unresolved,,,
14847,"ОБЩЕСТВО С ОГРАНИЧЕННОЙ ОТВЕТСТВЕННОСТЬЮ ""ИФК АВИАИНВЕСТ""","ООО ""ИФК АВИАИНВЕСТ""",5032251006,1125032003876,https://war-sanctions.gur.gov.ua/ru/rostec/14847,772,unresolved,,,
14846,"ОБЩЕСТВО С ОГРАНИЧЕННОЙ ОТВЕТСТВЕННОСТЬЮ ""ИФК ЭССЕТ МЕНЕДЖМЕНТ""","ООО ""ИЭМ""",7706250679,1037739416098,https://war-sanctions.gur.gov.ua/ru/rostec/14846,772,unresolved,,,
14803,"ОБЩЕСТВО С ОГРАНИЧЕННОЙ ОТВЕТСТВЕННОСТЬЮ ""ЭРЛАЙН ЭССЕТ МЕНЕДЖМЕНТ""","ООО ""ЭРЛАЙН ЭССЕТ МЕНЕДЖМЕНТ""",7703417070,1167746893797,https://war-sanctions.gur.gov.ua/ru/rostec/14803,772,unresolved,,,
763,"АКЦИОНЕРНОЕ ОБЩЕСТВО ""РЕД ВИНГС""","АО ""РЕД ВИНГС""",7732107883,1027700281091,https://war-sanctions.gur.gov.ua/ru/rostec/763,14803,matched_name_and_website,1035731,https://hh.ru/employer/1035731,
14845,"ОБЩЕСТВО С ОГРАНИЧЕННОЙ ОТВЕТСТВЕННОСТЬЮ ""АВИАКОМПАНИЯ ""СКАЙ ГЕЙТС ЭЙРЛАЙНС""","ООО ""СКАЙ ГЕЙТС ЭЙРЛАЙНС""",7714385687,1167746404253,https://war-sanctions.gur.gov.ua/ru/rostec/14845,763,unresolved,,,
14844,"АКЦИОНЕРНОЕ ОБЩЕСТВО ""РАМПОРТ АЭРО""","АО ""РАМПОРТ АЭРО""",5040132193,1145040008827,https://war-sanctions.gur.gov.ua/ru/rostec/14844,763,unresolved,,,
148,"ПУБЛИЧНОЕ АКЦИОНЕРНОЕ ОБЩЕСТВО ""ТАГАНРОГСКИЙ АВИАЦИОННЫЙ НАУЧНО-ТЕХНИЧЕСКИЙ КОМПЛЕКС ИМ. Г.М. БЕРІЄВА""","ПАО ""ТАНТК ИМ. Г.М. БЕРИЕВА""",6154028021,1026102571065,https://war-sanctions.gur.gov.ua/ru/rostec/148,24,unresolved,,,
14843,"АКЦИОНЕРНОЕ ОБЩЕСТВО ""ВАО ""ИНТЕРПРОФАВИА""","АО ""ВАО ""ИНТЕРПРОФАВИА""",7736099947,1027700119919,https://war-sanctions.gur.gov.ua/ru/rostec/14843,148,unresolved,,,
14842,"АКЦИОНЕРНОЕ ОБЩЕСТВО ""КОММЕРЧЕСКИЙ БАНК ""РУССКИЙ СЛАВЯНСКИЙ БАНК""","АО ""БАНК РСБ 24""",7706193043,1027739837366,https://war-sanctions.gur.gov.ua/ru/rostec/14842,148,unresolved,,,
131,"ПУБЛИЧНОЕ АКЦИОНЕРНОЕ ОБЩЕСТВО ""ЯКОВЛЕВ""","ПАО ""ЯКОВЛЕВ""",3807002509,1023801428111,https://war-sanctions.gur.gov.ua/ru/rostec/131,24,matched_name_and_website,1738,https://hh.ru/employer/1738,
14841,"НЕКОММЕРЧЕСКОЕ ПАРТНЕРСТВО ""ИРКУТСКИЙ ТЕРРИТОРИАЛЬНЫЙ ИНСТИТУТ ПРОФЕССИОНАЛЬНЫХ БУХГАЛТЕРОВ И АУДИТОРОВ""","НП ""ИТИПБ""",3808058335,1023801004523,https://war-sanctions.gur.gov.ua/ru/rostec/14841,131,unresolved,,,
5748,"АКЦИОНЕРНОЕ ОБЩЕСТВО ""БЕТА ИР""","АО ""БЕТА ИР""",6154026578,1026102573518,https://war-sanctions.gur.gov.ua/ru/rostec/5748,131,unresolved,,,
628,"АКЦИОНЕРНОЕ ОБЩЕСТВО ""РОССИЙСКИЙ АВИАЦИОННЫЙ ТОРГОВЫЙ ДОМ""","АО ""РАТД""",7708006789,1037700003791,https://war-sanctions.gur.gov.ua/ru/rostec/628,131,unresolved,,,
5949,"ОБЩЕСТВО С ОГРАНИЧЕННОЙ ОТВЕТСТВЕННОСТЬЮ ""ИРКУТ – РЕМСТРОЙ""","ООО ""ИРКУТ – РЕМСТРОЙ""",3810035310,1043801429110,https://war-sanctions.gur.gov.ua/ru/rostec/5949,131,unresolved,,,
554,"ОБЩЕСТВО С ОГРАНИЧЕННОЙ ОТВЕТСТВЕННОСТЬЮ ""ИРКУТ – СТАНКО СЕРВИС""","ООО ""ИРКУТ – СТАНКО СЕРВИС""",3810035303,1043801429100,https://war-sanctions.gur.gov.ua/ru/rostec/554,131,unresolved,,,
14836,"ЧАСТНОЕ УЧРЕЖДЕНИЕ КУЛЬТУРЫ ""ДВОРЕЦ КУЛЬТУРЫ ИМ. Ю.ГАГАРИНА ПУБЛИЧНОГО АКЦИОНЕРНОГО ОБЩЕСТВА ""ЯКОВЛЕВ""","""ДВОРЕЦ КУЛЬТУРЫ ИМ. Ю. ГАГАРИНА ПАО ""ЯКОВЛЕВ""",3810034660,1043801427570,https://war-sanctions.gur.gov.ua/ru/rostec/14836,131,unresolved,,,
5980,"ОБЩЕСТВО С ОГРАНИЧЕННОЙ ОТВЕТСТВЕННОСТЬЮ ""ТИПОГРАФИЯ ""ИРКУТ""","ООО ""ТИПОГРАФИЯ ""ИРКУТ""",3810035293,1043801429099,https://war-sanctions.gur.gov.ua/ru/rostec/5980,131,unresolved,,,
5979,"ОБЩЕСТВО С ОГРАНИЧЕННОЙ ОТВЕТСТВЕННОСТЬЮ ""СЕТЕВАЯ КОМПАНИЯ ""ИРКУТ""","ООО ""СЕТЕВАЯ КОМПАНИЯ ""ИРКУТ""",3810035487,1043801429737,https://war-sanctions.gur.gov.ua/ru/rostec/5979,131,unresolved,,,
5946,"ОБЩЕСТВО С ОГРАНИЧЕННОЙ ОТВЕТСТВЕННОСТЬЮ ""ЭНЕРГОЦЕНТР ""ИРКУТ""","ООО ""ЭЦ ""ИРКУТ""",3810035857,1043801430530,https://war-sanctions.gur.gov.ua/ru/rostec/5946,131,unresolved,,,
5747,"ОБЩЕСТВО С ОГРАНИЧЕННОЙ ОТВЕТСТВЕННОСТЬЮ ""ИРКУТ – АВТОТРАНС""","ООО ""ИРКУТ – АВТОТРАНС""",3810035769,1043801430386,https://war-sanctions.gur.gov.ua/ru/rostec/5747,131,unresolved,,,
260,"ФИЛИАЛ ПАО ""ЯКОВЛЕВ"" – ""ИРКУТСКИЙ АВИАЦИОННЫЙ ЗАВОД""","""ИАЗ"" – ФИЛИАЛ ПАО ""ЯКОВЛЕВ""",,,https://war-sanctions.gur.gov.ua/ru/rostec/260,131,unresolved,,,
14778,"ФИЛИАЛ ПАО ""ЯКОВЛЕВ"" – ""РЕГИОНАЛЬНЫЕ САМОЛЕТЫ""","""РЕГИОНАЛЬНЫЕ САМОЛЕТЫ"" – ФИЛИАЛ ПАО ""ЯКОВЛЕВ""",,,https://war-sanctions.gur.gov.ua/ru/rostec/14778,131,unresolved,,,
14802,"ТОВАРИЩЕСТВО СОБСТВЕННИКОВ ЖИЛЬЯ ""СОЮЗ""","ТСЖ ""СОЮЗ""",3810045125,1073800000207,https://war-sanctions.gur.gov.ua/ru/rostec/14802,131,unresolved,,,
14840,"АССОЦИАЦИЯ ТОВАРИЩЕСТВ СОБСТВЕННИКОВ ЖИЛЬЯ И ЖИЛИЩНЫХ КООПЕРАТИВОВ ""ОБЪЕДИНЕНИЕ""","АССОЦИАЦИЯ ТСЖ И ЖК ""ОБЪЕДИНЕНИЕ""",3810057280,1103800002547,https://war-sanctions.gur.gov.ua/ru/rostec/14840,14802,unresolved,,,
14801,"СОЮЗ ""ТОРГОВО-ПРОМЫШЛЕННАЯ ПАЛАТА ВОСТОЧНОЙ СИБИРИ (ИРКУТСКАЯ ОБЛАСТЬ)""","СОЮЗ ""ТПП ВС (ИО)""",3811005816,1023800007660,https://war-sanctions.gur.gov.ua/ru/rostec/14801,131,unresolved,,,
14839,"НЕКОММЕРЧЕСКОЕ ПАРТНЕРСТВО ""СОВЕТ ЭКОНОМИЧЕСКОЙ БЕЗОПАСНОСТИ""","НП ""СЭБ""",7710569796,1047797071145,https://war-sanctions.gur.gov.ua/ru/rostec/14839,14801,unresolved,,,
14838,АССОЦИАЦИЯ СУДЕБНЫХ ЭКСПЕРТОВ СИБИРИ И ДАЛЬНЕГО ВОСТОКА,"НО ""АССОЦИАЦИЯ СУДЕБНЫХ ЭКСПЕРТОВ СИБИРИ И ДАЛЬНЕГО ВОСТОКА""",3811434533,1163850067446,https://war-sanctions.gur.gov.ua/ru/rostec/14838,14801,unresolved,,,
5976,"ОБЩЕСТВО С ОГРАНИЧЕННОЙ ОТВЕТСТВЕННОСТЬЮ СПОРТИВНО-ОЗДОРОВИТЕЛЬНЫЙ ЦЕНТР ""ИРКУТ – ЗЕНИТ""","ООО ""СОЦ ""ИРКУТ – ЗЕНИТ""",3810034846,1043801428065,https://war-sanctions.gur.gov.ua/ru/rostec/5976,131,unresolved,,,
14837,"ОБЩЕСТВО С ОГРАНИЧЕННОЙ ОТВЕТСТВЕННОСТЬЮ ""ЯХТ – КЛУБ ИРКУТ""","ООО ""ЯХТ – КЛУБ ИРКУТ""",3810041770,1063810023947,https://war-sanctions.gur.gov.ua/ru/rostec/14837,5976,unresolved,,,
14800,"ОБЩЕСТВО С ОГРАНИЧЕННОЙ ОТВЕТСТВЕННОСТЬЮ САНАТОРИЙ-ПРОФИЛАКТОРИЙ ""ИРКУТ""","ООО ""САНАТОРИЙ ""ИРКУТ""",3810035102,1043801428758,https://war-sanctions.gur.gov.ua/ru/rostec/14800,131,unresolved,,,
14835,"АССОЦИАЦИЯ ""САНАТОРНО-КУРОРТНЫХ ОРГАНИЗАЦИЙ ИРКУТСКОЙ ОБЛАСТИ""","""АСКО ИО""",3812532170,1203800008554,https://war-sanctions.gur.gov.ua/ru/rostec/14835,14800,unresolved,,,
153,"ОБЩЕСТВО С ОГРАНИЧЕННОЙ ОТВЕТСТВЕННОСТЬЮ ""РАПАРТ СЕРВИСЕЗ""","ООО ""РАПАРТ СЕРВИСЕЗ""",7725497858,1187746841941,https://war-sanctions.gur.gov.ua/ru/rostec/153,131,unresolved,,,
14834,"ОБЩЕСТВО С ОГРАНИЧЕННОЙ ОТВЕТСТВЕННОСТЬЮ ""РАТА""","ООО ""РАТА""",9725033867,1207700252979,https://war-sanctions.gur.gov.ua/ru/rostec/14834,153,unresolved,,,
2993,"ОБЩЕСТВО С ОГРАНИЧЕННОЙ ОТВЕТСТВЕННОСТЬЮ ""РАТА ИНВЕСТ""","ООО ""РАТА ИНВЕСТ""",7726719165,1137746311097,https://war-sanctions.gur.gov.ua/ru/rostec/2993,153,unresolved,,,
5377,"АКЦИОНЕРНОЕ ОБЩЕСТВО ""ОПЫТНО-КОНСТРУКТОРСКОЕ БЮРО ИМ. А.С. ЯКОВЛЕВА""","АО ""ОКБ ИМ. А.С. ЯКОВЛЕВА""",7714039849,1027739252298,https://war-sanctions.gur.gov.ua/ru/rostec/5377,131,unresolved,,,
14833,"НЕКОММЕРЧЕСКОЕ ПАРТНЕРСТВО ""СОЮЗ АВИАТОРОВ ""КРЫЛЬЯ""","НП ""СА ""КРЫЛЬЯ""",7722266490,1027722000349,https://war-sanctions.gur.gov.ua/ru/rostec/14833,5377,unresolved,,,
3337,"АКЦИОНЕРНОЕ ОБЩЕСТВО ""ЛЕТНО-ИССЛЕДОВАТЕЛЬСКИЙ ИНСТИТУТ ИМЕНИ М.М.ГРОМОВА""","АО ""ЛИИ ИМ. М.М.ГРОМОВА""",5040114973,1125040002823,https://war-sanctions.gur.gov.ua/ru/rostec/3337,24,unresolved,,,
14832,"АКЦИОНЕРНОЕ ОБЩЕСТВО ""КОНВЕД-6 ЛИИ""","АО ""КОНВЕД-6 ЛИИ""",5013000335,1025001626297,https://war-sanctions.gur.gov.ua/ru/rostec/14832,3337,unresolved,,,
1909,"ПУБЛИЧНОЕ АКЦИОНЕРНОЕ ОБЩЕСТВО ""АВИАЦИОННЫЙ КОМПЛЕКС ИМ. С.В. ИЛЬЮШИНА""","ПАО ""ИЛ""",7714027882,1027739118659,https://war-sanctions.gur.gov.ua/ru/rostec/1909,24,unresolved,,,
14831,"АКЦИОНЕРНОЕ ОБЩЕСТВО ""ЦЕНТР ИСПЫТАНИЙ И СЕРТИФИКАЦИИ ВОРОНЕЖСКОГО АВИАЦИОННОГО КЛАСТЕРА""","АО ""ЦИС ВАК""",3663116284,1153668067035,https://war-sanctions.gur.gov.ua/ru/rostec/14831,1909,unresolved,,,
14830,"АКЦИОНЕРНОЕ ОБЩЕСТВО ""НЕГОСУДАРСТВЕННЫЙ ПЕНСИОННЫЙ ФОНД ""ОБОРОННО-ПРОМЫШЛЕННЫЙ ФОНД ИМ. В.В. ЛИВАНОВА""","АО ""НПФ ""ОПФ""",7718003106,1147799019125,https://war-sanctions.gur.gov.ua/ru/rostec/14830,1909,unresolved,,,
14829,"ОБЩЕСТВО С ОГРАНИЧЕННОЙ ОТВЕТСТВЕННОСТЬЮ ""СИМТРАНС""","ООО ""СИМТРАНС""",7328047411,1037301514755,https://war-sanctions.gur.gov.ua/ru/rostec/14829,1909,unresolved,,,
14828,"ОБЩЕСТВО С ОГРАНИЧЕННОЙ ОТВЕТСТВЕННОСТЬЮ ""СТРОИТЕЛЬНО-МОНТАЖНОЕ УПРАВЛЕНИЕ АВИАСТАР""","ООО ""СМУ АВИАСТАР""",7328061342,1107328003331,https://war-sanctions.gur.gov.ua/ru/rostec/14828,1909,unresolved,,,
14827,"АКЦИОНЕРНОЕ ОБЩЕСТВО ""ИЛ СЕРВИС""","АО ""ИЛ СЕРВИС""",7706034854,1037700023129,https://war-sanctions.gur.gov.ua/ru/rostec/14827,1909,unresolved,,,
14826,"ОБЩЕСТВО С ОГРАНИЧЕННОЙ ОТВЕТСТВЕННОСТЬЮ ""АВИАСТАР-УЧЕБНЫЙ ЦЕНТР""","ООО ""АВИАСТАР-УЧЕБНЫЙ ЦЕНТР""",7328035342,1027301566555,https://war-sanctions.gur.gov.ua/ru/rostec/14826,1909,unresolved,,,
14825,"ОБЩЕСТВО С ОГРАНИЧЕННОЙ ОТВЕТСТВЕННОСТЬЮ ""УПРАВЛЯЮЩАЯ КОМПАНИЯ ВОРОНЕЖСКОГО АВИАЦИОННОГО ТЕХНОПАРКА""","ООО ""УК ВАТП""",3663076497,1093668008170,https://war-sanctions.gur.gov.ua/ru/rostec/14825,1909,unresolved,,,
14824,"АКЦИОНЕРНОЕ ОБЩЕСТВО ""ЦЕНТР ТЕХНИЧЕСКОГО ОБСЛУЖИВАНИЯ И РЕМОНТА АВИАЦИОННОЙ ТЕХНИКИ ""АВИАСЕРВИС""","АО ""ЦТО И РАТ ""АВИАСЕРВИС""",7323004005,1027301110363,https://war-sanctions.gur.gov.ua/ru/rostec/14824,1909,unresolved,,,
14777,"ФИЛИАЛ ПАО ""ИЛ"" – ""ЦЕНТР ПОДГОТОВКИ КАДРОВ""","""ЦПК"" – ФИЛИАЛ ПАО ""ИЛ""",,,https://war-sanctions.gur.gov.ua/ru/rostec/14777,1909,unresolved,,,
5375,"ФИЛИАЛ ПАО ""ИЛ"" – ""ЭКСПЕРИМЕНТАЛЬНЫЙ МАШИНОСТРОИТЕЛЬНЫЙ ЗАВОД ИМЕНИ В. М. МЯСИЩЕВА""","""ЭМЗ ИМ. В.М. МЯСИЩЕВА"" – ФИЛИАЛ ПАО ""ИЛ""",,,https://war-sanctions.gur.gov.ua/ru/rostec/5375,1909,unresolved,,,
263,"ФИЛИАЛ ПАО ""ИЛ"" – ""АВИАСТАР""","""АВИАСТАР"" – ФИЛИАЛ ПАО ""ИЛ""",,,https://war-sanctions.gur.gov.ua/ru/rostec/263,1909,unresolved,,,
5383,"ФИЛИАЛ ПАО ""ИЛ"" – ""ВОРОНЕЖСКОЕ АКЦИОНЕРНОЕ САМОЛЕТОСТРОИТЕЛЬНОЕ ОБЩЕСТВО""","""ВАСО"" – ФИЛИАЛ ПАО ""ИЛ""",,,https://war-sanctions.gur.gov.ua/ru/rostec/5383,1909,unresolved,,,
14798,"ОТКРЫТОЕ АКЦИОНЕРНОЕ ОБЩЕСТВО ""ВНЕШНЕЭКОНОМИЧЕСКОЕ ОБЪЕДИНЕНИЕ ""АВИАЭКСПОРТ""","ОАО ""В/О ""АВИАЭКСПОРТ""",7708016385,1027700350468,https://war-sanctions.gur.gov.ua/ru/rostec/14798,24,unresolved,,,
14821,"АКЦИОНЕРНОЕ ОБЩЕСТВО ""АВИАСАЛОН""","АО ""АВИАСАЛОН""",5013030160,1025001628442,https://war-sanctions.gur.gov.ua/ru/rostec/14821,14798,unresolved,,,
14820,"ОБЩЕСТВО С ОГРАНИЧЕННОЙ ОТВЕТСТВЕННОСТЬЮ ""ПРОМЫШЛЕННО-ИНВЕСТИЦИОННАЯ ГРУППА ТАКТ""","ООО ""ГРУППА ТАКТ""",7706816330,5147746288476,https://war-sanctions.gur.gov.ua/ru/rostec/14820,14798,unresolved,,,
14799,"АКЦИОНЕРНОЕ ОБЩЕСТВО ""АВИАЦИОННАЯ ПРОМЫШЛЕННОСТЬ""","АО ""АВИАПРОМ""",7708026665,1027700184181,https://war-sanctions.gur.gov.ua/ru/rostec/14799,14798,unresolved,,,
14823,"ОБЩЕСТВО С ОГРАНИЧЕННОЙ ОТВЕТСТВЕННОСТЬЮ ""АВИАПРОМТЕСТ""","ООО ""АВИАПРОМТЕСТ""",9723041196,1187746090597,https://war-sanctions.gur.gov.ua/ru/rostec/14823,14799,unresolved,,,
14822,"АКЦИОНЕРНОЕ ОБЩЕСТВО ""АВИАПРОМСТРОЙ""","АО ""АВИАПРОМСТРОЙ""",7708728600,1107746834140,https://war-sanctions.gur.gov.ua/ru/rostec/14822,14799,unresolved,,,
2642,"АКЦИОНЕРНОЕ ОБЩЕСТВО АКЦИОНЕРНЫЙ КОММЕРЧЕСКИЙ БАНК ""МЕЖДУНАРОДНЫЙ ФИНАНСОВЫЙ КЛУБ""","АО АКБ ""МЕЖДУНАРОДНЫЙ ФИНАНСОВЫЙ КЛУБ""",7744000038,1027700056977,https://war-sanctions.gur.gov.ua/ru/rostec/2642,14798,unresolved,,,
5696,"АКЦИОНЕРНОЕ ОБЩЕСТВО ""ТАВРИЧЕСКИЙ БАНК""","АО ""ТАВРИЧЕСКИЙ БАНК""",7831000108,1027800000315,https://war-sanctions.gur.gov.ua/ru/rostec/5696,2642,unresolved,,,
14819,"ОБЩЕСТВО С ОГРАНИЧЕННОЙ ОТВЕТСТВЕННОСТЬЮ ""ВДМ КРЕДИТ""","ООО ""ВДМ КРЕДИТ""",7703746540,1117746498627,https://war-sanctions.gur.gov.ua/ru/rostec/14819,2642,unresolved,,,
166,"АКЦИОНЕРНОЕ ОБЩЕСТВО ""ОБЪЕДИНЕННАЯ ДВИГАТЕЛЕСТРОИТЕЛЬНАЯ КОРПОРАЦИЯ""","АО ""ОДК""",7731644035,1107746081717,https://war-sanctions.gur.gov.ua/ru/rostec/166,16,unresolved,,,
14859,"ОБЩЕСТВО С ОГРАНИЧЕННОЙ ОТВЕТСТВЕННОСТЬЮ ""ОДК-ЦИФРОВЫЕ ТЕХНОЛОГИИ""","ООО ""ОДК-ЦТ""",9719027449,1227700385901,https://war-sanctions.gur.gov.ua/ru/rostec/14859,166,unresolved,,,
3352,"АКЦИОНЕРНОЕ ОБЩЕСТВО ""ОДК-СТАР""","АО ""ОДК-СТАР""",5904100329,1025900895712,https://war-sanctions.gur.gov.ua/ru/rostec/3352,166,unresolved,,,
239,"АКЦИОНЕРНОЕ ОБЩЕСТВО ""ОДК-КЛИМОВ""","АО ""ОДК-КЛИМОВ""",7802375335,1069847546383,https://war-sanctions.gur.gov.ua/ru/rostec/239,166,unresolved,,,
14782,"""ПРОИЗВОДСТВЕННЫЙ КОМПЛЕКС ""САЛЮТ"" АО ""ОДК""","""ПК ""САЛЮТ"" АО ""ОДК""",,,https://war-sanctions.gur.gov.ua/ru/rostec/14782,166,unresolved,,,
12184,"ФИЛИАЛ АО ""ОДК"" – ""ОМСКОЕ МОТОРОСТРОИТЕЛЬНОЕ ОБЪЕДИНЕНИЕ ИМ. П.И. БАРАНОВА""","""ОМО ИМ. П.И. БАРАНОВА"" – ФИЛИАЛ АО ""ОДК""",,,https://war-sanctions.gur.gov.ua/ru/rostec/12184,166,unresolved,,,
14781,"ФИЛИАЛ АО ""ОДК"" – ""МАШИНОСТРОИТЕЛЬНОЕ КОНСТРУКТОРСКОЕ БЮРО ""ГОРИЗОНТ""","""МКБ ""ГОРИЗОНТ"" – ФИЛИАЛ АО ""ОДК""",,,https://war-sanctions.gur.gov.ua/ru/rostec/14781,166,unresolved,,,
14780,"ФИЛИАЛ АО ""ОДК"" – ""ВОСКРЕСЕНСКИЙ МАШИНОСТРОИТЕЛЬНЫЙ ЗАВОД ""САЛЮТ""","""ВМЗ ""САЛЮТ"" – ФИЛИАЛ АО ""ОДК""",,,https://war-sanctions.gur.gov.ua/ru/rostec/14780,166,unresolved,,,
14779,"ФИЛИАЛ АО ""ОДК"" – ""НАУЧНО-ИССЛЕДОВАТЕЛЬСКИЙ ИНСТИТУТ ТЕХНОЛОГИИ И ОРГАНИЗАЦИИ ПРОИЗВОДСТВА ДВИГАТЕЛЕЙ""","""НИИД"" – ФИЛИАЛ АО ""ОДК""",,,https://war-sanctions.gur.gov.ua/ru/rostec/14779,166,unresolved,,,
236,"ПУБЛИЧНОЕ АКЦИОНЕРНОЕ ОБЩЕСТВО ""ОДК-УФИМСКОЕ МОТОРОСТРОИТЕЛЬНОЕ ПРОИЗВОДСТВЕННОЕ ОБЪЕДИНЕНИЕ""","ПАО ""ОДК-УМПО""",0273008320,1020202388359,https://war-sanctions.gur.gov.ua/ru/rostec/236,166,unresolved,,,
14898,"ОБЩЕСТВО С ОГРАНИЧЕННОЙ ОТВЕТСТВЕННОСТЬЮ ""ПУЛЬСИРУЮЩИЕ ДЕТОНАЦИОННЫЕ ТЕХНОЛОГИИ""","ООО ""ПДТ""",7731385831,5177746035187,https://war-sanctions.gur.gov.ua/ru/rostec/14898,236,unresolved,,,
550,"ОБЩЕСТВО С ОГРАНИЧЕННОЙ ОТВЕТСТВЕННОСТЬЮ ""ДБА-ИНЖИНИРИНГ""","ООО ""ДБА-ИНЖИНИРИНГ""",0273087427,1120280029044,https://war-sanctions.gur.gov.ua/ru/rostec/550,236,unresolved,,,
630,"ОБЩЕСТВО С ОГРАНИЧЕННОЙ ОТВЕТСТВЕННОСТЬЮ ""ФЛАЙВИНГС""","ООО ""ФЛАЙВИНГС""",7705294828,1027739749707,https://war-sanctions.gur.gov.ua/ru/rostec/630,236,unresolved,,,
14896,"ОБЩЕСТВО С ОГРАНИЧЕННОЙ ОТВЕТСТВЕННОСТЬЮ ""РОТОРФЛАЙ""","ООО ""РОТОРФЛАЙ""",0273062327,1070273001292,https://war-sanctions.gur.gov.ua/ru/rostec/14896,236,unresolved,,,
14785,"ФИЛИАЛ ПАО ""ОДК-УМПО"" – ""ЛЫТКАРИНСКИЙ МАШИНОСТРОИТЕЛЬНЫЙ ЗАВОД""","""ЛМЗ"" – ФИЛИАЛ ПАО ""ОДК-УМПО""",,,https://war-sanctions.gur.gov.ua/ru/rostec/14785,236,unresolved,,,
6881,"ФИЛИАЛ ПАО ""ОДК-УМПО"" – ""ОПЫТНО-КОНСТРУКТОРСКОЕ БЮРО ИМЕНИ А.ЛЮЛЬКИ""","""ОКБ ИМ. А. ЛЮЛЬКИ"" – ФИЛИАЛ ПАО ""ОДК-УМПО""",,,https://war-sanctions.gur.gov.ua/ru/rostec/6881,236,unresolved,,,
14858,"НАУЧНО-ПРОИЗВОДСТВЕННАЯ АССОЦИАЦИЯ ""ТЕХНОПАРК АВИАЦИОННЫХ ТЕХНОЛОГИЙ""","НПА ""ТЕХНОПАРК АТ""",0273061330,1070200000133,https://war-sanctions.gur.gov.ua/ru/rostec/14858,236,unresolved,,,
14900,"ОБЩЕСТВО С ОГРАНИЧЕННОЙ ОТВЕТСТВЕННОСТЬЮ ""ТЕХНОПАРК АВИАЦИОННЫХ ТЕХНОЛОГИЙ""","ООО ""ТЕХНОПАРК АТ""",0273092579,1130280048766,https://war-sanctions.gur.gov.ua/ru/rostec/14900,14858,unresolved,,,
14899,"ОБЩЕСТВО С ОГРАНИЧЕННОЙ ОТВЕТСТВЕННОСТЬЮ ""ТЕХНОПАРК АВИАЦИОННЫХ ТЕХНОЛОГИЙ-СПЕЦТЕХНОЛОГИИ""","ООО ""ТЕХНОПАРК АТ-СТ""",0273903393,1150280051074,https://war-sanctions.gur.gov.ua/ru/rostec/14899,14858,unresolved,,,
14857,"ОБЩЕСТВО С ОГРАНИЧЕННОЙ ОТВЕТСТВЕННОСТЬЮ""ПАНСИОНАТ ""ГОЛОВИНКА""","ООО ""ПАНСИОНАТ ""ГОЛОВИНКА""",2318027449,1022302793545,https://war-sanctions.gur.gov.ua/ru/rostec/14857,236,unresolved,,,
14897,"ОБЩЕСТВО С ОГРАНИЧЕННОЙ ОТВЕТСТВЕННОСТЬЮ ""ПАНСИОНАТ ""АВИАТОР""","ООО ""ПАНСИОНАТ ""АВИАТОР""",2318030650,1052310482685,https://war-sanctions.gur.gov.ua/ru/rostec/14897,14857,unresolved,,,
3351,"АКЦИОНЕРНОЕ ОБЩЕСТВО ""ОДК-СЕРВИС""","АО ""ОДК-СЕРВИС""",4705036363,1074705000072,https://war-sanctions.gur.gov.ua/ru/rostec/3351,166,matched_name_and_website,2223272,https://hh.ru/employer/2223272,
14784,"ФИЛИАЛ АО ""ОДК-СЕРВИС"" – ""570 АВИАЦИОННЫЙ РЕМОНТНЫЙ ЗАВОД""","""570 АРЗ"" – ФИЛИАЛ АО ""ОДК-СЕРВИС""",,,https://war-sanctions.gur.gov.ua/ru/rostec/14784,3351,unresolved,,,
14783,"ФИЛИАЛ АО ""ОДК-СЕРВИС"" – ""712 АВИАЦИОННЫЙ РЕМОНТНЫЙ ЗАВОД""","""712 АРЗ"" – ФИЛИАЛ АО ""ОДК-СЕРВИС""",,,https://war-sanctions.gur.gov.ua/ru/rostec/14783,3351,unresolved,,,
3350,"ФИЛИАЛ АО ""ОДК-СЕРВИС"" – ""АРАМИЛЬСКИЙ АВИАЦИОННЫЙ РЕМОНТНЫЙ ЗАВОД""","""ААРЗ"" – ФИЛИАЛ АО ""ОДК-СЕРВИС""",,,https://war-sanctions.gur.gov.ua/ru/rostec/3350,3351,unresolved,,,
3454,"АКЦИОНЕРНОЕ ОБЩЕСТВО ""НАРО-ФОМИНСКИЙ МАШИНОСТРОИТЕЛЬНЫЙ ЗАВОД""","АО ""НФМЗ""",5030007588,1025003752069,https://war-sanctions.gur.gov.ua/ru/rostec/3454,166,unresolved,,,
14895,"СОЮЗ ""ТОРГОВО-ПРОМЫШЛЕННАЯ ПАЛАТА НАРО-ФОМИНСКОГО ГОРОДСКОГО ОКРУГА МОСКОВСКОЙ ОБЛАСТИ""","""ТПП НФ""",5030086445,1155000003839,https://war-sanctions.gur.gov.ua/ru/rostec/14895,3454,unresolved,,,
629,"АКЦИОНЕРНОЕ ОБЩЕСТВО ""МОСКОВСКОЕ МАШИНОСТРОИТЕЛЬНОЕ ПРЕДПРИЯТИЕ ИМЕНИ В.В. ЧЕРНЫШЕВА""","АО ""ММП ИМЕНИ В.В. ЧЕРНЫШЕВА""",7733018650,1027700283742,https://war-sanctions.gur.gov.ua/ru/rostec/629,166,unresolved,,,
14894,"ЗАКРЫТОЕ АКЦИОНЕРНОЕ ОБЩЕСТВО ""ИНТЕХМАШ""","ЗАО ""ИНТЕХМАШ""",7733002700,1027739280579,https://war-sanctions.gur.gov.ua/ru/rostec/14894,629,unresolved,,,
5724,"ОБЩЕСТВО С ОГРАНИЧЕННОЙ ОТВЕТСТВЕННОСТЬЮ ""ОДК ИНЖИНИРИНГ""","ООО ""ОДК ИНЖИНИРИНГ""",7731429736,1127746530273,https://war-sanctions.gur.gov.ua/ru/rostec/5724,166,unresolved,,,
14893,"ОБЩЕСТВО С ОГРАНИЧЕННОЙ ОТВЕТСТВЕННОСТЬЮ ""ОДК ЦЕНТР РОБОТИЗИРОВАННЫХ ТЕХНОЛОГИЙ""","ООО ""ОДК ЦРТ""",9719075724,1247700832785,https://war-sanctions.gur.gov.ua/ru/rostec/14893,5724,unresolved,,,
12183,"АКЦИОНЕРНОЕ ОБЩЕСТВО ""ОДК-ГАЗОВЫЕ ТУРБИНЫ""","АО ""ОДК-ГТ""",7610070114,1067610046404,https://war-sanctions.gur.gov.ua/ru/rostec/12183,5724,unresolved,,,
14892,"ОБЩЕСТВО С ОГРАНИЧЕННОЙ ОТВЕТСТВЕННОСТЬЮ ""ОДК-ТУРБИНЫ БОЛЬШОЙ МОЩНОСТИ""","ООО ""ОДК-ТБМ""",9719001539,1207700040570,https://war-sanctions.gur.gov.ua/ru/rostec/14892,5724,unresolved,,,
3353,"АКЦИОНЕРНОЕ ОБЩЕСТВО ""ОДК-ПЕРМСКИЕ МОТОРЫ""","АО ""ОДК-ПМ""",5904007312,1025900893864,https://war-sanctions.gur.gov.ua/ru/rostec/3353,166,unresolved,,,
14890,"ОБЩЕСТВО С ОГРАНИЧЕННОЙ ОТВЕТСТВЕННОСТЬЮ ""ВЕДОМСТВЕННАЯ ПОЖАРНАЯ ОХРАНА ПЕРМСКОГО МОТОРОСТРОИТЕЛЬНОГО КОМПЛЕКСА""","ООО ""ВПО ПМК""",5904104267,1025900898077,https://war-sanctions.gur.gov.ua/ru/rostec/14890,3353,unresolved,,,
14889,"АКЦИОНЕРНОЕ ОБЩЕСТВО ""ЖЕЛЕЗНОДОРОЖНИК-ПЕРМСКИЕ МОТОРЫ""","АО ""ЖЕЛЕЗНОДОРОЖНИК-ПМ""",5904007626,1025900895349,https://war-sanctions.gur.gov.ua/ru/rostec/14889,3353,unresolved,,,
14856,"АКЦИОНЕРНОЕ ОБЩЕСТВО ""ЭНЕРГЕТИК-ПЕРМСКИЕ МОТОРЫ""","АО ""ЭНЕРГЕТИК-ПМ""",5904007390,1025900893600,https://war-sanctions.gur.gov.ua/ru/rostec/14856,3353,unresolved,,,
14891,"ОБЩЕСТВО С ОГРАНИЧЕННОЙ ОТВЕТСТВЕННОСТЬЮ ""СОВРЕМЕННЫЕ ТЕХНОЛОГИИ""","ООО ""СОВРЕМЕННЫЕ ТЕХНОЛОГИИ""",5904068114,1025900895778,https://war-sanctions.gur.gov.ua/ru/rostec/14891,14856,unresolved,,,
164,"АКЦИОНЕРНОЕ ОБЩЕСТВО ""ОДК-АВИАДВИГАТЕЛЬ""","АО ""ОДК-АВИАДВИГАТЕЛЬ""",5904000620,1025900890531,https://war-sanctions.gur.gov.ua/ru/rostec/164,166,unresolved,,,
14879,"АКЦИОНЕРНОЕ ОБЩЕСТВО ""ПЕРМЬ-ЭНЕРГЕТИКА""","АО ""ПЕРМЬ-ЭНЕРГЕТИКА""",5032054470,1025004069606,https://war-sanctions.gur.gov.ua/ru/rostec/14879,164,unresolved,,,
14855,"АКЦИОНЕРНОЕ ОБЩЕСТВО ""АВИАКОНСОРЦИУМ""","АО ""АВИАКОНСОРЦИУМ""",7709173038,1027700212902,https://war-sanctions.gur.gov.ua/ru/rostec/14855,164,unresolved,,,
14888,"АКЦИОНЕРНОЕ ОБЩЕСТВО ""АГЕНТСТВО ПО ОБМЕНУ БИЛЕТОВ""","АО ""АГЕНТСТВО ПО ОБМЕНУ БИЛЕТОВ""",7714822506,1107746923866,https://war-sanctions.gur.gov.ua/ru/rostec/14888,14855,unresolved,,,
14887,"ЗАКРЫТОЕ АКЦИОНЕРНОЕ ОБЩЕСТВО ""СПОРТИВНЫЙ КОМПЛЕКС ""ВНУКОВО""","ЗАО ""СК ""ВНУКОВО""",7732115027,1027700334056,https://war-sanctions.gur.gov.ua/ru/rostec/14887,14855,unresolved,,,
14886,"ОБЩЕСТВО С ОГРАНИЧЕННОЙ ОТВЕТСТВЕННОСТЬЮ ""АПСТРИМ-ИНВЕСТ""","ООО ""АПСТРИМ-ИНВЕСТ""",7707293700,1027700353691,https://war-sanctions.gur.gov.ua/ru/rostec/14886,14855,unresolved,,,
14885,"ОБЩЕСТВО С ОГРАНИЧЕННОЙ ОТВЕТСТВЕННОСТЬЮ ""ФРЕГАТ ЕКОДЖЕТ""","ООО ""ФРЕГАТ ЭКОДЖЕТ""",7719871480,1147746191658,https://war-sanctions.gur.gov.ua/ru/rostec/14885,14855,unresolved,,,
14884,"АКЦИОНЕРНОЕ ОБЩЕСТВО ""ОБЪЕДИНЕННОЕ АВИАТРАНСПОРТНОЕ АГЕНТСТВО ВОЗДУШНЫХ СООБЩЕНИЙ""","АО ""ОАВС""",7714204605,1027739011805,https://war-sanctions.gur.gov.ua/ru/rostec/14884,14855,unresolved,,,
14883,"ОБЩЕСТВО С ОГРАНИЧЕННОЙ ОТВЕТСТВЕННОСТЬЮ ""АВТО ВАЛ""","ООО ""АВТО ВАЛ""",7714182246,1027700342911,https://war-sanctions.gur.gov.ua/ru/rostec/14883,14855,unresolved,,,
14882,"АКЦИОНЕРНОЕ ОБЩЕСТВО ""ПОЛЁТ-СИРЕНА""","АО ""ПОЛЁТ-СИРЕНА""",7714033149,1027700523400,https://war-sanctions.gur.gov.ua/ru/rostec/14882,14855,unresolved,,,
14854,"АССОЦИАЦИЯ ""СОЮЗ АВИАЦИОННОГО ДВИГАТЕЛЕСТРОЕНИЯ""","""АССАД""",7708005249,1027739236282,https://war-sanctions.gur.gov.ua/ru/rostec/14854,164,unresolved,,,
14881,"ОБЩЕСТВО С ОГРАНИЧЕННОЙ ОТВЕТСТВЕННОСТЬЮ ""АССАД-М""","ООО ""АССАД-М""",7719415670,1157746516729,https://war-sanctions.gur.gov.ua/ru/rostec/14881,14854,unresolved,,,
14853,"СОЮЗ ПРОМЫШЛЕННИКОВ И ПРЕДПРИНИМАТЕЛЕЙ ПЕРМСКОГО КРАЯ ""СОТРУДНИЧЕСТВО"" (РЕГИОНАЛЬНОЕ ОБЪЕДИНЕНИЕ РАБОТОДАТЕЛЕЙ)","СПП ПК ""СОТРУДНИЧЕСТВО""",5904114480,1045900517013,https://war-sanctions.gur.gov.ua/ru/rostec/14853,164,unresolved,,,
14880,"АВТОНОМНАЯ НЕКОММЕРЧЕСКАЯ ОРГАНИЗАЦИЯ ""ПЕРМСКИЙ ЦЕНТР ПРОФОРИЕНТАЦИИ И СЕРТИФИКАЦИИ КАДРОВ""","АНО ""ПЦПСК""",5904337952,1165958090000,https://war-sanctions.gur.gov.ua/ru/rostec/14880,14853,unresolved,,,
259,"ПУБЛИЧНОЕ АКЦИОНЕРНОЕ ОБЩЕСТВО ""ОДК-КУЗНЕЦОВ""","ПАО ""ОДК-КУЗНЕЦОВ""",6319033379,1026301705374,https://war-sanctions.gur.gov.ua/ru/rostec/259,166,unresolved,,,
14878,"ОБЩЕСТВО С ОГРАНИЧЕННОЙ ОТВЕТСТВЕННОСТЬЮ ""САНАТОРИЙ ""ФРУНЗЕНЕЦ""","ООО ""САНАТОРИЙ ""ФРУНЗЕНЕЦ""",6316137965,1086316009350,https://war-sanctions.gur.gov.ua/ru/rostec/14878,259,unresolved,,,
14877,"АССОЦИАЦИЯ ""СОЮЗ РАБОТОДАТЕЛЕЙ САМАРСКОЙ ОБЛАСТИ""","АССОЦИАЦИЯ ""СРСО""",6315938546,1036300447391,https://war-sanctions.gur.gov.ua/ru/rostec/14877,259,unresolved,,,
14876,"ТОВАРИЩЕСТВО СОБСТВЕННИКОВ ЖИЛЬЯ ""РАДУГА""","ТСЖ ""РАДУГА""",6319106080,1046300895277,https://war-sanctions.gur.gov.ua/ru/rostec/14876,259,unresolved,,,
14875,"ТОВАРИЩЕСТВО СОБСТВЕННИКОВ ЖИЛЬЯ ""КИРОВСКОЕ – 3""","ТСЖ ""КИРОВСКОЕ – 3""",6312064106,1056312074499,https://war-sanctions.gur.gov.ua/ru/rostec/14875,259,unresolved,,,
165,"ПУБЛИЧНОЕ АКЦИОНЕРНОЕ ОБЩЕСТВО ""ОДК-САТУРН""","ПАО ""ОДК-САТУРН""",7610052644,1027601106169,https://war-sanctions.gur.gov.ua/ru/rostec/165,166,unresolved,,,
14868,"АКЦИОНЕРНОЕ ОБЩЕСТВО ""СМАРТЕК""","АО ""СМАРТЕК""",7733123567,1037739467842,https://war-sanctions.gur.gov.ua/ru/rostec/14868,165,unresolved,,,
11294,"АКЦИОНЕРНОЕ ОБЩЕСТВО ""САТУРН-ИНСТРУМЕНТАЛЬНЫЙ ЗАВОД""","АО ""САТИЗ""",7610090537,1117610000870,https://war-sanctions.gur.gov.ua/ru/rostec/11294,165,unresolved,,,
4321,"АКЦИОНЕРНОЕ ОБЩЕСТВО ""ТУРБОРУС""","АО ""ТУРБОРУС""",7610005718,1027601106290,https://war-sanctions.gur.gov.ua/ru/rostec/4321,165,unresolved,,,
14867,"ЗАКРЫТОЕ АКЦИОНЕРНОЕ ОБЩЕСТВО ""ВОЛГАЭРО""","ЗАО ""ВОЛГАЭРО""",7610062258,1047601608450,https://war-sanctions.gur.gov.ua/ru/rostec/14867,165,unresolved,,,
14866,"ЗАКРЫТОЕ АКЦИОНЕРНОЕ ОБЩЕСТВО ""ПАУЭРДЖЕТ""","ЗАО ""ПАУЭРДЖЕТ""",7610063420,1047601617546,https://war-sanctions.gur.gov.ua/ru/rostec/14866,165,unresolved,,,
14865,"ЗАКРЫТОЕ АКЦИОНЕРНОЕ ОБЩЕСТВО ""ПОЛУЕВО-ИНВЕСТ""","ЗАО ""ПОЛУЕВО-ИНВЕСТ""",7610066196,1057601875891,https://war-sanctions.gur.gov.ua/ru/rostec/14865,165,unresolved,,,
14864,"ОБЩЕСТВО С ОГРАНИЧЕННОЙ ОТВЕТСТВЕННОСТЬЮ ""КЛИНИНГОВАЯ КОМПАНИЯ ""БЛЕСК""","ООО ""БЛЕСК""",7610089838,1117610000089,https://war-sanctions.gur.gov.ua/ru/rostec/14864,165,unresolved,,,
14863,"АКЦИОНЕРНОЕ ОБЩЕСТВО ""САТУРН-ТУРБОРУС""","АО ""САТУРН-ТУРБОРУС""",7610125821,1177627035211,https://war-sanctions.gur.gov.ua/ru/rostec/14863,165,unresolved,,,
14860,"АКЦИОНЕРНОЕ ОБЩЕСТВО ""ИСПЫТАТЕЛЬНЫЙ СТЕНД ИВАНОВСКОЙ ГРЭС""","АО ""СТЕНД""",3714083495,1043700611778,https://war-sanctions.gur.gov.ua/ru/rostec/14860,165,unresolved,,,
5708,"ОБЩЕСТВО С ОГРАНИЧЕННОЙ ОТВЕТСТВЕННОСТЬЮ ""ИНЖИНИРИНГОВЫЙ ЦЕНТР ""ГАЗОТУРБИННЫЕ ТЕХНОЛОГИИ""","ООО ""ИЦ ""ГАЗОТУРБИННЫЕ ТЕХНОЛОГИИ""",7725787250,1137746277316,https://war-sanctions.gur.gov.ua/ru/rostec/5708,165,unresolved,,,
10191,"АКЦИОНЕРНОЕ ОБЩЕСТВО ""НОВЫЕ ИНСТРУМЕНТАЛЬНЫЕ РЕШЕНИЯ""","АО ""НИР""",7610081765,1087610004327,https://war-sanctions.gur.gov.ua/ru/rostec/10191,165,matched_name_and_website,1481775,https://hh.ru/employer/1481775,
13631,"ОБЩЕСТВО С ОГРАНИЧЕННОЙ ОТВЕТСТВЕННОСТЬЮ ""РЕЙНОЛЬДС""","ООО ""РЕЙНОЛЬДС""",7731390782,5177746181135,https://war-sanctions.gur.gov.ua/ru/rostec/13631,165,unresolved,,,
6893,"ФИЛИАЛ ПАО ""ОДК-САТУРН"" - ОМСКОЕ МОТОРОСТРОИТЕЛЬНОЕ КОНСТРУКТОРСКОЕ БЮРО","""ОМКБ"" – ФИЛИАЛ ПАО ""ОДК-САТУРН""",,,https://war-sanctions.gur.gov.ua/ru/rostec/6893,165,unresolved,,,
14143,"АКЦИОНЕРНОЕ ОБЩЕСТВО ""РУССКАЯ МЕХАНИКА""","АО ""РМ""",7610062924,1047601613652,https://war-sanctions.gur.gov.ua/ru/rostec/14143,165,matched_name_and_website,2742161,https://hh.ru/employer/2742161,
14874,"ОБЩЕСТВО С ОГРАНИЧЕННОЙ ОТВЕТСТВЕННОСТЬЮ ""РМ ДЕТАЛЬ""","ООО ""РМ ДЕТАЛЬ""",7610123863,1177627010065,https://war-sanctions.gur.gov.ua/ru/rostec/14874,14143,unresolved,,,
14873,"ОБЩЕСТВО С ОГРАНИЧЕННОЙ ОТВЕТСТВЕННОСТЬЮ ""ЭТС МИКИБО""","ООО ""ЭТС МИКИБО""",7713494115,1227700775609,https://war-sanctions.gur.gov.ua/ru/rostec/14873,14143,unresolved,,,
14852,"ОБЩЕСТВО С ОГРАНИЧЕННОЙ ОТВЕТСТВЕННОСТЬЮ ""АУТСОРСИНГ ТЕХНОЛОГИИ ОБСЛУЖИВАНИЕ""","ООО ""АТО""",7604055397,1027600681790,https://war-sanctions.gur.gov.ua/ru/rostec/14852,165,unresolved,,,
14872,"ОБЩЕСТВО С ОГРАНИЧЕННОЙ ОТВЕТСТВЕННОСТЬЮ ""ПРОМСТРОЙЗАКАЗЧИК""","ООО ""ПРОМСТРОЙЗАКАЗЧИК""",7610093055,1117610006425,https://war-sanctions.gur.gov.ua/ru/rostec/14872,14852,unresolved,,,
14871,"ТОВАРИЩЕСТВО СОБСТВЕННИКОВ НЕДВИЖИМОСТИ ""СПАС-1""","ТСН ""СПАС-1""",7610102285,1137610003926,https://war-sanctions.gur.gov.ua/ru/rostec/14871,14852,unresolved,,,
14870,"ОБЩЕСТВО С ОГРАНИЧЕННОЙ ОТВЕТСТВЕННОСТЬЮ ""РТ-ПИТАНИЕ""","ООО ""РТ-ПИТАНИЕ""",7610057890,1037601602499,https://war-sanctions.gur.gov.ua/ru/rostec/14870,14852,unresolved,,,
14869,"ОБЩЕСТВО С ОГРАНИЧЕННОЙ ОТВЕТСТВЕННОСТЬЮ ""РТ-КЛИНИНГ""","ООО ""РТ-КЛИНИНГ""",7610100062,1137610001660,https://war-sanctions.gur.gov.ua/ru/rostec/14869,14852,unresolved,,,
